[
{
    "pk": 1, 
    "model": "auth.permission", 
    "fields": {
        "codename": "add_logentry", 
        "name": "Can add log entry", 
        "content_type": 1
    }
},
{
    "pk": 2, 
    "model": "auth.permission", 
    "fields": {
        "codename": "change_logentry", 
        "name": "Can change log entry", 
        "content_type": 1
    }
},
{
    "pk": 3, 
    "model": "auth.permission", 
    "fields": {
        "codename": "delete_logentry", 
        "name": "Can delete log entry", 
        "content_type": 1
    }
},
{
    "pk": 4, 
    "model": "auth.permission", 
    "fields": {
        "codename": "add_permission", 
        "name": "Can add permission", 
        "content_type": 2
    }
},
{
    "pk": 5, 
    "model": "auth.permission", 
    "fields": {
        "codename": "change_permission", 
        "name": "Can change permission", 
        "content_type": 2
    }
},
{
    "pk": 6, 
    "model": "auth.permission", 
    "fields": {
        "codename": "delete_permission", 
        "name": "Can delete permission", 
        "content_type": 2
    }
},
{
    "pk": 7, 
    "model": "auth.permission", 
    "fields": {
        "codename": "add_group", 
        "name": "Can add group", 
        "content_type": 3
    }
},
{
    "pk": 8, 
    "model": "auth.permission", 
    "fields": {
        "codename": "change_group", 
        "name": "Can change group", 
        "content_type": 3
    }
},
{
    "pk": 9, 
    "model": "auth.permission", 
    "fields": {
        "codename": "delete_group", 
        "name": "Can delete group", 
        "content_type": 3
    }
},
{
    "pk": 10, 
    "model": "auth.permission", 
    "fields": {
        "codename": "add_user", 
        "name": "Can add user", 
        "content_type": 4
    }
},
{
    "pk": 11, 
    "model": "auth.permission", 
    "fields": {
        "codename": "change_user", 
        "name": "Can change user", 
        "content_type": 4
    }
},
{
    "pk": 12, 
    "model": "auth.permission", 
    "fields": {
        "codename": "delete_user", 
        "name": "Can delete user", 
        "content_type": 4
    }
},
{
    "pk": 13, 
    "model": "auth.permission", 
    "fields": {
        "codename": "add_contenttype", 
        "name": "Can add content type", 
        "content_type": 5
    }
},
{
    "pk": 14, 
    "model": "auth.permission", 
    "fields": {
        "codename": "change_contenttype", 
        "name": "Can change content type", 
        "content_type": 5
    }
},
{
    "pk": 15, 
    "model": "auth.permission", 
    "fields": {
        "codename": "delete_contenttype", 
        "name": "Can delete content type", 
        "content_type": 5
    }
},
{
    "pk": 16, 
    "model": "auth.permission", 
    "fields": {
        "codename": "add_session", 
        "name": "Can add session", 
        "content_type": 6
    }
},
{
    "pk": 17, 
    "model": "auth.permission", 
    "fields": {
        "codename": "change_session", 
        "name": "Can change session", 
        "content_type": 6
    }
},
{
    "pk": 18, 
    "model": "auth.permission", 
    "fields": {
        "codename": "delete_session", 
        "name": "Can delete session", 
        "content_type": 6
    }
},
{
    "pk": 19, 
    "model": "auth.permission", 
    "fields": {
        "codename": "add_eventtype", 
        "name": "Can add event type", 
        "content_type": 7
    }
},
{
    "pk": 20, 
    "model": "auth.permission", 
    "fields": {
        "codename": "change_eventtype", 
        "name": "Can change event type", 
        "content_type": 7
    }
},
{
    "pk": 21, 
    "model": "auth.permission", 
    "fields": {
        "codename": "delete_eventtype", 
        "name": "Can delete event type", 
        "content_type": 7
    }
},
{
    "pk": 22, 
    "model": "auth.permission", 
    "fields": {
        "codename": "add_event", 
        "name": "Can add event", 
        "content_type": 8
    }
},
{
    "pk": 23, 
    "model": "auth.permission", 
    "fields": {
        "codename": "change_event", 
        "name": "Can change event", 
        "content_type": 8
    }
},
{
    "pk": 24, 
    "model": "auth.permission", 
    "fields": {
        "codename": "delete_event", 
        "name": "Can delete event", 
        "content_type": 8
    }
},
{
    "pk": 25, 
    "model": "auth.permission", 
    "fields": {
        "codename": "add_alarm", 
        "name": "Can add alarm", 
        "content_type": 9
    }
},
{
    "pk": 26, 
    "model": "auth.permission", 
    "fields": {
        "codename": "change_alarm", 
        "name": "Can change alarm", 
        "content_type": 9
    }
},
{
    "pk": 27, 
    "model": "auth.permission", 
    "fields": {
        "codename": "delete_alarm", 
        "name": "Can delete alarm", 
        "content_type": 9
    }
},
{
    "pk": 28, 
    "model": "auth.permission", 
    "fields": {
        "codename": "add_neighborhood", 
        "name": "Can add neighborhood", 
        "content_type": 10
    }
},
{
    "pk": 29, 
    "model": "auth.permission", 
    "fields": {
        "codename": "change_neighborhood", 
        "name": "Can change neighborhood", 
        "content_type": 10
    }
},
{
    "pk": 30, 
    "model": "auth.permission", 
    "fields": {
        "codename": "delete_neighborhood", 
        "name": "Can delete neighborhood", 
        "content_type": 10
    }
},
{
    "pk": 31, 
    "model": "auth.permission", 
    "fields": {
        "codename": "add_place", 
        "name": "Can add place", 
        "content_type": 11
    }
},
{
    "pk": 32, 
    "model": "auth.permission", 
    "fields": {
        "codename": "change_place", 
        "name": "Can change place", 
        "content_type": 11
    }
},
{
    "pk": 33, 
    "model": "auth.permission", 
    "fields": {
        "codename": "delete_place", 
        "name": "Can delete place", 
        "content_type": 11
    }
},
{
    "pk": 34, 
    "model": "auth.permission", 
    "fields": {
        "codename": "add_asset", 
        "name": "Can add asset", 
        "content_type": 12
    }
},
{
    "pk": 35, 
    "model": "auth.permission", 
    "fields": {
        "codename": "change_asset", 
        "name": "Can change asset", 
        "content_type": 12
    }
},
{
    "pk": 36, 
    "model": "auth.permission", 
    "fields": {
        "codename": "delete_asset", 
        "name": "Can delete asset", 
        "content_type": 12
    }
},
{
    "pk": 37, 
    "model": "auth.permission", 
    "fields": {
        "codename": "add_sensortype", 
        "name": "Can add sensor type", 
        "content_type": 13
    }
},
{
    "pk": 38, 
    "model": "auth.permission", 
    "fields": {
        "codename": "change_sensortype", 
        "name": "Can change sensor type", 
        "content_type": 13
    }
},
{
    "pk": 39, 
    "model": "auth.permission", 
    "fields": {
        "codename": "delete_sensortype", 
        "name": "Can delete sensor type", 
        "content_type": 13
    }
},
{
    "pk": 40, 
    "model": "auth.permission", 
    "fields": {
        "codename": "add_sensorstatus", 
        "name": "Can add sensor status", 
        "content_type": 14
    }
},
{
    "pk": 41, 
    "model": "auth.permission", 
    "fields": {
        "codename": "change_sensorstatus", 
        "name": "Can change sensor status", 
        "content_type": 14
    }
},
{
    "pk": 42, 
    "model": "auth.permission", 
    "fields": {
        "codename": "delete_sensorstatus", 
        "name": "Can delete sensor status", 
        "content_type": 14
    }
},
{
    "pk": 43, 
    "model": "auth.permission", 
    "fields": {
        "codename": "add_sensor", 
        "name": "Can add sensor", 
        "content_type": 15
    }
},
{
    "pk": 44, 
    "model": "auth.permission", 
    "fields": {
        "codename": "change_sensor", 
        "name": "Can change sensor", 
        "content_type": 15
    }
},
{
    "pk": 45, 
    "model": "auth.permission", 
    "fields": {
        "codename": "delete_sensor", 
        "name": "Can delete sensor", 
        "content_type": 15
    }
},
{
    "pk": 1, 
    "model": "auth.user", 
    "fields": {
        "username": "domotina", 
        "first_name": "", 
        "last_name": "", 
        "is_active": true, 
        "is_superuser": true, 
        "is_staff": true, 
        "last_login": "2015-03-10T18:13:45Z", 
        "groups": [], 
        "user_permissions": [], 
        "password": "pbkdf2_sha256$12000$jTeDaK4UwLqY$ytI9/vmZ15Z6Kvj8xKPmQCXGJlKBOcRPeDKxcXPRfBo=", 
        "email": "djimenez@ingenieros.com", 
        "date_joined": "2015-03-07T20:01:23Z"
    }
},
{
    "pk": 1, 
    "model": "event_manager.eventtype", 
    "fields": {
        "is_critical": true, 
        "name": "Movement", 
        "description": "There was movement"
    }
},
{
    "pk": 2, 
    "model": "event_manager.eventtype", 
    "fields": {
        "is_critical": false, 
        "name": "Toggle Power", 
        "description": "power was turned on or off"
    }
},
{
    "pk": 1, 
    "model": "map.neighborhood", 
    "fields": {
        "date_updated": "2015-03-07T20:03:16.745Z", 
        "date_created": "2015-03-07T20:03:16.745Z", 
        "name": "Ostende's Park"
    }
},
{
    "pk": 2, 
    "model": "map.neighborhood", 
    "fields": {
        "date_updated": "2015-03-07T20:04:34.685Z", 
        "date_created": "2015-03-07T20:04:34.685Z", 
        "name": "Capellania's Towers"
    }
},
{
    "pk": 3, 
    "model": "map.neighborhood", 
    "fields": {
        "date_updated": "2015-03-08T02:21:47.907Z", 
        "date_created": "2015-03-08T02:21:47.907Z", 
        "name": "Salitre City"
    }
},
{
    "pk": 4, 
    "model": "map.neighborhood", 
    "fields": {
        "date_updated": "2015-03-08T03:36:52.714Z", 
        "date_created": "2015-03-08T03:36:52.714Z", 
        "name": "BD Bacata Building"
    }
},
{
    "pk": 1, 
    "model": "map.place", 
    "fields": {
        "map": "http://domotina.host56.com/images/ap_model1.png", 
        "neighborhood": 1, 
        "name": "T10 AP602", 
        "date_updated": "2015-03-07T20:59:03.888Z", 
        "owner": 1, 
        "date_created": "2015-03-07T20:59:03.888Z"
    }
},
{
    "pk": 2, 
    "model": "map.place", 
    "fields": {
        "map": "http://domotina.host56.com/images/ap_model2.png", 
        "neighborhood": 1, 
        "name": "T10 AP603", 
        "date_updated": "2015-03-07T20:59:27.651Z", 
        "owner": 1, 
        "date_created": "2015-03-07T20:59:27.651Z"
    }
},
{
    "pk": 3, 
    "model": "map.place", 
    "fields": {
        "map": "http://domotina.host56.com/images/ap_model3.png", 
        "neighborhood": 3, 
        "name": "Kr 69D St 25-04", 
        "date_updated": "2015-03-08T02:24:08.983Z", 
        "owner": 1, 
        "date_created": "2015-03-08T02:24:08.983Z"
    }
},
{
    "pk": 4, 
    "model": "map.place", 
    "fields": {
        "map": "http://domotina.host56.com/images/of_model1.png", 
        "neighborhood": 4, 
        "name": "Office 201", 
        "date_updated": "2015-03-08T03:37:22.536Z", 
        "owner": 1, 
        "date_created": "2015-03-08T03:37:22.536Z"
    }
},
{
    "pk": 1, 
    "model": "map.asset", 
    "fields": {
        "date_updated": "2015-03-07T21:46:27.963Z", 
        "date_created": "2015-03-07T21:46:27.963Z", 
        "place": 1, 
        "name": "Main Access Door", 
        "description": ""
    }
},
{
    "pk": 2, 
    "model": "map.asset", 
    "fields": {
        "date_updated": "2015-03-07T21:47:07.591Z", 
        "date_created": "2015-03-07T21:47:07.591Z", 
        "place": 1, 
        "name": "Dinning Room Light", 
        "description": ""
    }
},
{
    "pk": 3, 
    "model": "map.asset", 
    "fields": {
        "date_updated": "2015-03-08T01:29:36.532Z", 
        "date_created": "2015-03-08T01:29:36.532Z", 
        "place": 1, 
        "name": "Main Room Tv Plasma", 
        "description": ""
    }
},
{
    "pk": 4, 
    "model": "map.asset", 
    "fields": {
        "date_updated": "2015-03-08T01:29:56.416Z", 
        "date_created": "2015-03-08T01:29:56.416Z", 
        "place": 1, 
        "name": "Living Room Light", 
        "description": ""
    }
},
{
    "pk": 5, 
    "model": "map.asset", 
    "fields": {
        "date_updated": "2015-03-08T01:40:19.043Z", 
        "date_created": "2015-03-08T01:40:19.043Z", 
        "place": 1, 
        "name": "Living Room Window", 
        "description": ""
    }
},
{
    "pk": 6, 
    "model": "map.asset", 
    "fields": {
        "date_updated": "2015-03-08T01:56:00.400Z", 
        "date_created": "2015-03-08T01:56:00.400Z", 
        "place": 2, 
        "name": "Main Access Door", 
        "description": ""
    }
},
{
    "pk": 7, 
    "model": "map.asset", 
    "fields": {
        "date_updated": "2015-03-08T01:56:23.275Z", 
        "date_created": "2015-03-08T01:56:23.275Z", 
        "place": 2, 
        "name": "Living Room Light", 
        "description": ""
    }
},
{
    "pk": 8, 
    "model": "map.asset", 
    "fields": {
        "date_updated": "2015-03-08T01:56:32.209Z", 
        "date_created": "2015-03-08T01:56:32.209Z", 
        "place": 2, 
        "name": "Dinning Room Light", 
        "description": ""
    }
},
{
    "pk": 9, 
    "model": "map.asset", 
    "fields": {
        "date_updated": "2015-03-08T01:57:11.042Z", 
        "date_created": "2015-03-08T01:57:11.042Z", 
        "place": 2, 
        "name": "Main Room Access Door", 
        "description": ""
    }
},
{
    "pk": 10, 
    "model": "map.asset", 
    "fields": {
        "date_updated": "2015-03-08T01:58:24.401Z", 
        "date_created": "2015-03-08T01:58:24.401Z", 
        "place": 2, 
        "name": "Study Room Laptop", 
        "description": ""
    }
},
{
    "pk": 11, 
    "model": "map.asset", 
    "fields": {
        "date_updated": "2015-03-08T02:42:32.691Z", 
        "date_created": "2015-03-08T02:42:32.691Z", 
        "place": 3, 
        "name": "Main Access Door", 
        "description": ""
    }
},
{
    "pk": 12, 
    "model": "map.asset", 
    "fields": {
        "date_updated": "2015-03-08T02:42:53.786Z", 
        "date_created": "2015-03-08T02:42:53.786Z", 
        "place": 3, 
        "name": "Dinning Room Light", 
        "description": ""
    }
},
{
    "pk": 13, 
    "model": "map.asset", 
    "fields": {
        "date_updated": "2015-03-08T02:43:01.553Z", 
        "date_created": "2015-03-08T02:43:01.553Z", 
        "place": 3, 
        "name": "Living Room Light", 
        "description": ""
    }
},
{
    "pk": 14, 
    "model": "map.asset", 
    "fields": {
        "date_updated": "2015-03-08T02:43:54.355Z", 
        "date_created": "2015-03-08T02:43:54.355Z", 
        "place": 3, 
        "name": "Main Room Light", 
        "description": ""
    }
},
{
    "pk": 15, 
    "model": "map.asset", 
    "fields": {
        "date_updated": "2015-03-08T02:44:43.738Z", 
        "date_created": "2015-03-08T02:44:43.738Z", 
        "place": 3, 
        "name": "Main Room Smart Curved UHD TV", 
        "description": ""
    }
},
{
    "pk": 16, 
    "model": "map.asset", 
    "fields": {
        "date_updated": "2015-03-08T02:56:07.419Z", 
        "date_created": "2015-03-08T02:56:07.419Z", 
        "place": 3, 
        "name": "Study Room Window", 
        "description": ""
    }
},
{
    "pk": 17, 
    "model": "map.asset", 
    "fields": {
        "date_updated": "2015-03-08T02:56:19.749Z", 
        "date_created": "2015-03-08T02:56:19.749Z", 
        "place": 3, 
        "name": "Study Room Laptop", 
        "description": ""
    }
},
{
    "pk": 18, 
    "model": "map.asset", 
    "fields": {
        "date_updated": "2015-03-08T03:02:40.245Z", 
        "date_created": "2015-03-08T03:02:40.245Z", 
        "place": 1, 
        "name": "Main Room Light", 
        "description": ""
    }
},
{
    "pk": 19, 
    "model": "map.asset", 
    "fields": {
        "date_updated": "2015-03-08T03:04:44.934Z", 
        "date_created": "2015-03-08T03:04:44.934Z", 
        "place": 1, 
        "name": "Main Room Window", 
        "description": ""
    }
},
{
    "pk": 20, 
    "model": "map.asset", 
    "fields": {
        "date_updated": "2015-03-08T03:05:16.668Z", 
        "date_created": "2015-03-08T03:05:16.668Z", 
        "place": 1, 
        "name": "Secondary Room Laptop", 
        "description": ""
    }
},
{
    "pk": 21, 
    "model": "map.asset", 
    "fields": {
        "date_updated": "2015-03-08T03:05:32.755Z", 
        "date_created": "2015-03-08T03:05:32.755Z", 
        "place": 1, 
        "name": "Study Room Laptop", 
        "description": ""
    }
},
{
    "pk": 22, 
    "model": "map.asset", 
    "fields": {
        "date_updated": "2015-03-08T03:05:49.097Z", 
        "date_created": "2015-03-08T03:05:49.097Z", 
        "place": 1, 
        "name": "Study Room Light", 
        "description": ""
    }
},
{
    "pk": 23, 
    "model": "map.asset", 
    "fields": {
        "date_updated": "2015-03-08T03:17:10.105Z", 
        "date_created": "2015-03-08T03:17:10.105Z", 
        "place": 1, 
        "name": "Secondary Room Window", 
        "description": ""
    }
},
{
    "pk": 24, 
    "model": "map.asset", 
    "fields": {
        "date_updated": "2015-03-08T03:38:48.628Z", 
        "date_created": "2015-03-08T03:38:48.628Z", 
        "place": 4, 
        "name": "Main Access Door", 
        "description": ""
    }
},
{
    "pk": 25, 
    "model": "map.asset", 
    "fields": {
        "date_updated": "2015-03-08T03:40:29.507Z", 
        "date_created": "2015-03-08T03:40:29.507Z", 
        "place": 4, 
        "name": "Waiting Room Light", 
        "description": ""
    }
},
{
    "pk": 26, 
    "model": "map.asset", 
    "fields": {
        "date_updated": "2015-03-08T03:40:39.456Z", 
        "date_created": "2015-03-08T03:40:39.456Z", 
        "place": 4, 
        "name": "Waiting Room Laptop", 
        "description": ""
    }
},
{
    "pk": 27, 
    "model": "map.asset", 
    "fields": {
        "date_updated": "2015-03-08T03:47:27.820Z", 
        "date_created": "2015-03-08T03:47:27.820Z", 
        "place": 4, 
        "name": "Boss Office Window", 
        "description": ""
    }
},
{
    "pk": 28, 
    "model": "map.asset", 
    "fields": {
        "date_updated": "2015-03-08T03:47:43.703Z", 
        "date_created": "2015-03-08T03:47:43.703Z", 
        "place": 4, 
        "name": "Boss Office Laptop", 
        "description": ""
    }
},
{
    "pk": 29, 
    "model": "map.asset", 
    "fields": {
        "date_updated": "2015-03-08T03:52:03.741Z", 
        "date_created": "2015-03-08T03:52:03.741Z", 
        "place": 4, 
        "name": "Boss Office Light", 
        "description": ""
    }
},
{
    "pk": 30, 
    "model": "map.asset", 
    "fields": {
        "date_updated": "2015-03-08T03:52:30.135Z", 
        "date_created": "2015-03-08T03:52:30.135Z", 
        "place": 4, 
        "name": "Meeting Room Light", 
        "description": ""
    }
},
{
    "pk": 1, 
    "model": "map.sensortype", 
    "fields": {
        "is_enabled": true, 
        "name": "Movement",
        "is_continuous": false
    }
},
{
    "pk": 2, 
    "model": "map.sensortype", 
    "fields": {
        "is_enabled": true, 
        "name": "Locked",
        "is_continuous": false
    }
},
{
    "pk": 3, 
    "model": "map.sensortype", 
    "fields": {
        "is_enabled": true, 
        "name": "Light",
        "is_continuous": false
    }
},
{
    "pk": 1, 
    "model": "map.sensorstatus", 
    "fields": {
        "is_enabled": true, 
        "ref_code": 1, 
        "type": 2, 
        "name": "Locked", 
        "icon": "http://domotina.host56.com/images/lock_icon.png",
        "max_continuous":0.0,
        "min_continuous":0.0
    }
},
{
    "pk": 2, 
    "model": "map.sensorstatus", 
    "fields": {
        "is_enabled": true, 
        "ref_code": 0, 
        "type": 2, 
        "name": "Unlocked", 
        "icon": "http://domotina.host56.com/images/unlock_icon.png",
        "max_continuous":0.0,
        "min_continuous":0.0
    }
},
{
    "pk": 3, 
    "model": "map.sensorstatus", 
    "fields": {
        "is_enabled": true, 
        "ref_code": 1, 
        "type": 3, 
        "name": "On", 
        "icon": "http://domotina.host56.com/images/bulb_on.png",
        "max_continuous":0.0,
        "min_continuous":0.0
    }
},
{
    "pk": 4, 
    "model": "map.sensorstatus", 
    "fields": {
        "is_enabled": true, 
        "ref_code": 0, 
        "type": 3, 
        "name": "Off", 
        "icon": "http://domotina.host56.com/images/bulb_off.png",
        "max_continuous":0.0,
        "min_continuous":0.0
    }
},
{
    "pk": 5, 
    "model": "map.sensorstatus", 
    "fields": {
        "is_enabled": true, 
        "ref_code": 1, 
        "type": 1, 
        "name": "Yes", 
        "icon": "http://domotina.host56.com/images/move.png",
        "max_continuous":0.0,
        "min_continuous":0.0
    }
},
{
    "pk": 6, 
    "model": "map.sensorstatus", 
    "fields": {
        "is_enabled": true, 
        "ref_code": 0, 
        "type": 1, 
        "name": "No", 
        "icon": "http://domotina.host56.com/images/no_move.png",
        "max_continuous":0.0,
        "min_continuous":0.0
    }
},
{
    "pk": 1, 
    "model": "map.sensor", 
    "fields": {
        "current_pos_x": 600, 
        "description": "", 
        "date_updated": "2015-03-08T00:37:18.436Z", 
        "current_status_id": 1, 
        "current_date": "2015-03-07T16:48:50Z", 
        "asset": 1, 
        "date_created": "2015-03-07T21:48:52.275Z", 
        "type": 2, 
        "current_pos_y": 350
    }
},
{
    "pk": 2, 
    "model": "map.sensor", 
    "fields": {
        "current_pos_x": 468, 
        "description": "", 
        "date_updated": "2015-03-10T18:25:11.733Z", 
        "current_status_id": 1, 
        "current_date": "2015-03-07T17:11:47Z", 
        "asset": 2, 
        "date_created": "2015-03-07T22:11:49.552Z", 
        "type": 3, 
        "current_pos_y": 310
    }
},
{
    "pk": 3, 
    "model": "map.sensor", 
    "fields": {
        "current_pos_x": 462, 
        "description": "", 
        "date_updated": "2015-03-10T18:25:11.750Z", 
        "current_status_id": 1, 
        "current_date": "2015-03-07T20:30:49Z", 
        "asset": 4, 
        "date_created": "2015-03-08T01:30:52.231Z", 
        "type": 3, 
        "current_pos_y": 123
    }
},
{
    "pk": 4, 
    "model": "map.sensor", 
    "fields": {
        "current_pos_x": 125, 
        "description": "", 
        "date_updated": "2015-03-10T18:25:11.799Z", 
        "current_status_id": 0, 
        "current_date": "2015-03-07T20:31:33Z", 
        "asset": 3, 
        "date_created": "2015-03-08T01:31:36.824Z", 
        "type": 1, 
        "current_pos_y": 145
    }
},
{
    "pk": 5, 
    "model": "map.sensor", 
    "fields": {
        "current_pos_x": 462, 
        "description": "", 
        "date_updated": "2015-03-10T18:25:11.766Z", 
        "current_status_id": 0, 
        "current_date": "2015-03-07T20:45:16Z", 
        "asset": 5, 
        "date_created": "2015-03-08T01:45:24.740Z", 
        "type": 2, 
        "current_pos_y": 40
    }
},
{
    "pk": 6, 
    "model": "map.sensor", 
    "fields": {
        "current_pos_x": 425, 
        "description": "", 
        "date_updated": "2015-03-10T18:25:11.883Z", 
        "current_status_id": 1, 
        "current_date": "2015-03-07T21:25:38Z", 
        "asset": 8, 
        "date_created": "2015-03-08T02:25:43.315Z", 
        "type": 3, 
        "current_pos_y": 95
    }
},
{
    "pk": 7, 
    "model": "map.sensor", 
    "fields": {
        "current_pos_x": 570, 
        "description": "", 
        "date_updated": "2015-03-10T18:25:11.900Z", 
        "current_status_id": 1, 
        "current_date": "2015-03-07T21:29:04Z", 
        "asset": 7, 
        "date_created": "2015-03-08T02:29:07.638Z", 
        "type": 3, 
        "current_pos_y": 135
    }
},
{
    "pk": 8, 
    "model": "map.sensor", 
    "fields": {
        "current_pos_x": 640, 
        "description": "", 
        "date_updated": "2015-03-08T02:34:32.622Z", 
        "current_status_id": 1, 
        "current_date": "2015-03-07T21:30:23Z", 
        "asset": 6, 
        "date_created": "2015-03-08T02:30:27.347Z", 
        "type": 2, 
        "current_pos_y": 335
    }
},
{
    "pk": 9, 
    "model": "map.sensor", 
    "fields": {
        "current_pos_x": 193, 
        "description": "", 
        "date_updated": "2015-03-08T02:38:25.564Z", 
        "current_status_id": 1, 
        "current_date": "2015-03-07T21:30:59Z", 
        "asset": 9, 
        "date_created": "2015-03-08T02:31:02.069Z", 
        "type": 2, 
        "current_pos_y": 205
    }
},
{
    "pk": 10, 
    "model": "map.sensor", 
    "fields": {
        "current_pos_x": 408, 
        "description": "", 
        "date_updated": "2015-03-10T18:25:11.916Z", 
        "current_status_id": 0, 
        "current_date": "2015-03-07T21:31:32Z", 
        "asset": 10, 
        "date_created": "2015-03-08T02:31:35.039Z", 
        "type": 1, 
        "current_pos_y": 280
    }
},
{
    "pk": 11, 
    "model": "map.sensor", 
    "fields": {
        "current_pos_x": 52, 
        "description": "", 
        "date_updated": "2015-03-10T18:25:11.933Z", 
        "current_status_id": 1, 
        "current_date": "2015-03-07T21:46:41Z", 
        "asset": 12, 
        "date_created": "2015-03-08T02:46:44.004Z", 
        "type": 2, 
        "current_pos_y": 265
    }
},
{
    "pk": 12, 
    "model": "map.sensor", 
    "fields": {
        "current_pos_x": 150, 
        "description": "", 
        "date_updated": "2015-03-10T18:25:11.949Z", 
        "current_status_id": 1, 
        "current_date": "2015-03-07T21:47:19Z", 
        "asset": 13, 
        "date_created": "2015-03-08T02:47:20.973Z", 
        "type": 3, 
        "current_pos_y": 295
    }
},
{
    "pk": 13, 
    "model": "map.sensor", 
    "fields": {
        "current_pos_x": 32, 
        "description": "", 
        "date_updated": "2015-03-08T03:01:08.067Z", 
        "current_status_id": 1, 
        "current_date": "2015-03-07T21:48:01Z", 
        "asset": 11, 
        "date_created": "2015-03-08T02:48:02.937Z", 
        "type": 2, 
        "current_pos_y": 335
    }
},
{
    "pk": 14, 
    "model": "map.sensor", 
    "fields": {
        "current_pos_x": 585, 
        "description": "", 
        "date_updated": "2015-03-10T18:25:12.008Z", 
        "current_status_id": 1, 
        "current_date": "2015-03-07T21:48:30Z", 
        "asset": 14, 
        "date_created": "2015-03-08T02:48:32.039Z", 
        "type": 3, 
        "current_pos_y": 115
    }
},
{
    "pk": 15, 
    "model": "map.sensor", 
    "fields": {
        "current_pos_x": 660, 
        "description": "", 
        "date_updated": "2015-03-10T18:25:12.091Z", 
        "current_status_id": 0, 
        "current_date": "2015-03-07T21:48:58Z", 
        "asset": 15, 
        "date_created": "2015-03-08T02:49:00.267Z", 
        "type": 1, 
        "current_pos_y": 105
    }
},
{
    "pk": 16, 
    "model": "map.sensor", 
    "fields": {
        "current_pos_x": 362, 
        "description": "", 
        "date_updated": "2015-03-10T18:25:12.116Z", 
        "current_status_id": 0, 
        "current_date": "2015-03-07T21:57:20Z", 
        "asset": 17, 
        "date_created": "2015-03-08T02:57:22.793Z", 
        "type": 1, 
        "current_pos_y": 130
    }
},
{
    "pk": 17, 
    "model": "map.sensor", 
    "fields": {
        "current_pos_x": 335, 
        "description": "", 
        "date_updated": "2015-03-10T18:25:12.133Z", 
        "current_status_id": 0, 
        "current_date": "2015-03-07T21:57:45Z", 
        "asset": 16, 
        "date_created": "2015-03-08T02:57:47.926Z", 
        "type": 2, 
        "current_pos_y": 80
    }
},
{
    "pk": 18, 
    "model": "map.sensor", 
    "fields": {
        "current_pos_x": 65, 
        "description": "", 
        "date_updated": "2015-03-10T18:25:11.783Z", 
        "current_status_id": 0, 
        "current_date": "2015-03-07T22:03:17Z", 
        "asset": 18, 
        "date_created": "2015-03-08T03:03:19.204Z", 
        "type": 3, 
        "current_pos_y": 150
    }
},
{
    "pk": 19, 
    "model": "map.sensor", 
    "fields": {
        "current_pos_x": 65, 
        "description": "", 
        "date_updated": "2015-03-08T03:13:05.280Z", 
        "current_status_id": 1, 
        "current_date": "2015-03-07T22:06:25Z", 
        "asset": 19, 
        "date_created": "2015-03-08T03:06:27.477Z", 
        "type": 2, 
        "current_pos_y": 40
    }
},
{
    "pk": 20, 
    "model": "map.sensor", 
    "fields": {
        "current_pos_x": 248, 
        "description": "", 
        "date_updated": "2015-03-10T18:25:11.816Z", 
        "current_status_id": 1, 
        "current_date": "2015-03-07T22:07:02Z", 
        "asset": 20, 
        "date_created": "2015-03-08T03:07:04.306Z", 
        "type": 1, 
        "current_pos_y": 141
    }
},
{
    "pk": 21, 
    "model": "map.sensor", 
    "fields": {
        "current_pos_x": 340, 
        "description": "", 
        "date_updated": "2015-03-10T18:25:11.866Z", 
        "current_status_id": 0, 
        "current_date": "2015-03-07T22:08:05Z", 
        "asset": 22, 
        "date_created": "2015-03-08T03:08:09.763Z", 
        "type": 3, 
        "current_pos_y": 345
    }
},
{
    "pk": 22, 
    "model": "map.sensor", 
    "fields": {
        "current_pos_x": 369, 
        "description": "", 
        "date_updated": "2015-03-10T18:25:11.849Z", 
        "current_status_id": 0, 
        "current_date": "2015-03-07T22:08:34Z", 
        "asset": 21, 
        "date_created": "2015-03-08T03:08:36.495Z", 
        "type": 1, 
        "current_pos_y": 372
    }
},
{
    "pk": 23, 
    "model": "map.sensor", 
    "fields": {
        "current_pos_x": 200, 
        "description": "", 
        "date_updated": "2015-03-10T18:25:11.833Z", 
        "current_status_id": 0, 
        "current_date": "2015-03-07T22:17:42Z", 
        "asset": 23, 
        "date_created": "2015-03-08T03:17:44.597Z", 
        "type": 2, 
        "current_pos_y": 40
    }
},
{
    "pk": 24, 
    "model": "map.sensor", 
    "fields": {
        "current_pos_x": 355, 
        "description": "", 
        "date_updated": "2015-03-10T18:25:11.666Z", 
        "current_status_id": 0, 
        "current_date": "2015-03-07T22:41:26Z", 
        "asset": 24, 
        "date_created": "2015-03-08T03:41:30.150Z", 
        "type": 2, 
        "current_pos_y": 375
    }
},
{
    "pk": 25, 
    "model": "map.sensor", 
    "fields": {
        "current_pos_x": 355, 
        "description": "", 
        "date_updated": "2015-03-10T18:25:11.716Z", 
        "current_status_id": 1, 
        "current_date": "2015-03-07T22:41:54Z", 
        "asset": 25, 
        "date_created": "2015-03-08T03:41:56.596Z", 
        "type": 3, 
        "current_pos_y": 325
    }
},
{
    "pk": 26, 
    "model": "map.sensor", 
    "fields": {
        "current_pos_x": 355, 
        "description": "", 
        "date_updated": "2015-03-10T18:25:11.700Z", 
        "current_status_id": 0, 
        "current_date": "2015-03-07T22:42:26Z", 
        "asset": 26, 
        "date_created": "2015-03-08T03:42:28.174Z", 
        "type": 1, 
        "current_pos_y": 292
    }
},
{
    "pk": 27, 
    "model": "map.sensor", 
    "fields": {
        "current_pos_x": 7, 
        "description": "", 
        "date_updated": "2015-03-08T03:50:55.866Z", 
        "current_status_id": 1, 
        "current_date": "2015-03-07T22:48:34Z", 
        "asset": 27, 
        "date_created": "2015-03-08T03:48:36.483Z", 
        "type": 2, 
        "current_pos_y": 75
    }
},
{
    "pk": 28, 
    "model": "map.sensor", 
    "fields": {
        "current_pos_x": 37, 
        "description": "", 
        "date_updated": "2015-03-10T18:25:11.623Z", 
        "current_status_id": 0, 
        "current_date": "2015-03-07T22:48:58Z", 
        "asset": 28, 
        "date_created": "2015-03-08T03:49:08.223Z", 
        "type": 1, 
        "current_pos_y": 110
    }
},
{
    "pk": 29, 
    "model": "map.sensor", 
    "fields": {
        "current_pos_x": 100, 
        "description": "", 
        "date_updated": "2015-03-10T18:25:11.649Z", 
        "current_status_id": 1, 
        "current_date": "2015-03-07T22:53:08Z", 
        "asset": 29, 
        "date_created": "2015-03-08T03:53:10.052Z", 
        "type": 3, 
        "current_pos_y": 90
    }
},
{
    "pk": 30, 
    "model": "map.sensor", 
    "fields": {
        "current_pos_x": 120, 
        "description": "", 
        "date_updated": "2015-03-10T18:25:11.683Z", 
        "current_status_id": 0, 
        "current_date": "2015-03-07T22:53:41Z", 
        "asset": 30, 
        "date_created": "2015-03-08T03:53:46.127Z", 
        "type": 3, 
        "current_pos_y": 290
    }
}
]
