[
{
    "pk": 1, 
    "model": "contenttypes.contenttype", 
    "fields": {
        "model": "logentry", 
        "name": "log entry", 
        "app_label": "admin"
    }
},
{
    "pk": 2, 
    "model": "contenttypes.contenttype", 
    "fields": {
        "model": "permission", 
        "name": "permission", 
        "app_label": "auth"
    }
},
{
    "pk": 3, 
    "model": "contenttypes.contenttype", 
    "fields": {
        "model": "group", 
        "name": "group", 
        "app_label": "auth"
    }
},
{
    "pk": 4, 
    "model": "contenttypes.contenttype", 
    "fields": {
        "model": "user", 
        "name": "user", 
        "app_label": "auth"
    }
},
{
    "pk": 5, 
    "model": "contenttypes.contenttype", 
    "fields": {
        "model": "contenttype", 
        "name": "content type", 
        "app_label": "contenttypes"
    }
},
{
    "pk": 6, 
    "model": "contenttypes.contenttype", 
    "fields": {
        "model": "session", 
        "name": "session", 
        "app_label": "sessions"
    }
},
{
    "pk": 7, 
    "model": "contenttypes.contenttype", 
    "fields": {
        "model": "event", 
        "name": "event", 
        "app_label": "event_manager"
    }
},
{
    "pk": 8, 
    "model": "contenttypes.contenttype", 
    "fields": {
        "model": "alarm", 
        "name": "alarm", 
        "app_label": "event_manager"
    }
},
{
    "pk": 9, 
    "model": "contenttypes.contenttype", 
    "fields": {
        "model": "neighborhood", 
        "name": "neighborhood", 
        "app_label": "map"
    }
},
{
    "pk": 10, 
    "model": "contenttypes.contenttype", 
    "fields": {
        "model": "place", 
        "name": "place", 
        "app_label": "map"
    }
},
{
    "pk": 11, 
    "model": "contenttypes.contenttype", 
    "fields": {
        "model": "floor", 
        "name": "floor", 
        "app_label": "map"
    }
},
{
    "pk": 12, 
    "model": "contenttypes.contenttype", 
    "fields": {
        "model": "sensortype", 
        "name": "sensor type", 
        "app_label": "map"
    }
},
{
    "pk": 13, 
    "model": "contenttypes.contenttype", 
    "fields": {
        "model": "sensorstatus", 
        "name": "sensor status", 
        "app_label": "map"
    }
},
{
    "pk": 14, 
    "model": "contenttypes.contenttype", 
    "fields": {
        "model": "sensor", 
        "name": "sensor", 
        "app_label": "map"
    }
},
{
    "pk": 15,
    "model": "contenttypes.contenttype",
    "fields": {
      "model": "delegate",
      "name": "delegate",
      "app_label": "map"
    }
},
{
    "pk": 16,
    "model": "contenttypes.contenttype",
    "fields": {
      "model": "zoomlocation",
      "name": "zoom location",
      "app_label": "map"
    }
},
{
    "pk": 17,
    "model": "contenttypes.contenttype", 
    "fields": {
        "model": "scheduledaily", 
        "name": "Daily Schedule", 
        "app_label": "rule_engine"
    }
},

{
    "pk": 1, 
    "model": "map.neighborhood", 
    "fields": {
        "date_updated": "2015-03-07T20:03:16.745Z", 
        "date_created": "2015-03-07T20:03:16.745Z", 
        "name": "Ostende's Park"
    }
},
{
    "pk": 2, 
    "model": "map.neighborhood", 
    "fields": {
        "date_updated": "2015-03-07T20:04:34.685Z", 
        "date_created": "2015-03-07T20:04:34.685Z", 
        "name": "Capellania's Towers"
    }
},
{
    "pk": 3, 
    "model": "map.neighborhood", 
    "fields": {
        "date_updated": "2015-03-08T02:21:47.907Z", 
        "date_created": "2015-03-08T02:21:47.907Z", 
        "name": "Salitre City"
    }
},
{
    "pk": 4, 
    "model": "map.neighborhood", 
    "fields": {
        "date_updated": "2015-03-08T03:36:52.714Z", 
        "date_created": "2015-03-08T03:36:52.714Z", 
        "name": "BD Bacata Building"
    }
},
{
    "pk": 1, 
    "model": "map.floor", 
    "fields": {
        "date_updated": "2015-03-08T03:37:22.536Z", 
        "map": "https://raw.githubusercontent.com/Domotina/FileBucket/master/maps/ap_model1.png", 
        "place": 1, 
        "number": 1, 
        "date_created": "2015-03-08T03:37:22.536Z"
    }
},
{
    "pk": 2, 
    "model": "map.floor", 
    "fields": {
        "date_updated": "2015-03-08T03:37:22.536Z", 
        "map": "https://raw.githubusercontent.com/Domotina/FileBucket/master/maps/ap_model2.png", 
        "place": 2, 
        "number": 1, 
        "date_created": "2015-03-08T03:37:22.536Z"
    }
},
{
    "pk": 3, 
    "model": "map.floor", 
    "fields": {
        "date_updated": "2015-03-08T03:37:22.536Z", 
        "map": "https://raw.githubusercontent.com/Domotina/FileBucket/master/maps/ap_model3.png", 
        "place": 3, 
        "number": 1, 
        "date_created": "2015-03-08T03:37:22.536Z"
    }
},
{
    "pk": 4, 
    "model": "map.floor", 
    "fields": {
        "date_updated": "2015-03-08T03:37:22.536Z", 
        "map": "https://raw.githubusercontent.com/Domotina/FileBucket/master/maps/of_model1.png", 
        "place": 4, 
        "number": 1, 
        "date_created": "2015-03-08T03:37:22.536Z"
    }
},
{
    "pk": 5, 
    "model": "map.floor", 
    "fields": {
        "date_updated": "2015-03-17T17:25:33.362Z", 
        "map": "https://raw.githubusercontent.com/Domotina/FileBucket/master/maps/ap_model6_p1.png", 
        "place": 5, 
        "number": 1, 
        "date_created": "2015-03-17T17:25:33.362Z"
    }
},
{
    "pk": 6, 
    "model": "map.floor", 
    "fields": {
        "date_updated": "2015-03-17T17:25:52.885Z", 
        "map": "https://raw.githubusercontent.com/Domotina/FileBucket/master/maps/ap_model6_p2.png", 
        "place": 5, 
        "number": 2, 
        "date_created": "2015-03-17T17:25:52.885Z"
    }
},
{
    "pk": 1, 
    "model": "map.sensortype", 
    "fields": {
        "is_enabled": true, 
        "is_continuous": false, 
        "name": "Movement"
    }
},
{
    "pk": 2, 
    "model": "map.sensortype", 
    "fields": {
        "is_enabled": true, 
        "is_continuous": false, 
        "name": "Locked"
    }
},
{
    "pk": 3, 
    "model": "map.sensortype", 
    "fields": {
        "is_enabled": true, 
        "is_continuous": false, 
        "name": "Light"
    }
},
{
    "pk": 4, 
    "model": "map.sensortype", 
    "fields": {
        "is_enabled": true, 
        "is_continuous": true, 
        "name": "Thermostat"
    }
},
{
    "pk": 1, 
    "model": "map.sensorstatus", 
    "fields": {
        "is_enabled": true, 
        "name": "Locked", 
        "max_value": 0, 
        "min_value": 0, 
        "value": 1, 
        "msg": " ", 
        "type": 2, 
        "icon": "https://raw.githubusercontent.com/Domotina/FileBucket/master/sensors_v2/locked_yes.png"
    }
},
{
    "pk": 2, 
    "model": "map.sensorstatus", 
    "fields": {
        "is_enabled": true, 
        "name": "Unlocked", 
        "max_value": 0, 
        "min_value": 0, 
        "value": 0, 
        "msg": " ", 
        "type": 2, 
        "icon": "https://raw.githubusercontent.com/Domotina/FileBucket/master/sensors_v2/locked_no.png"
    }
},
{
    "pk": 3, 
    "model": "map.sensorstatus", 
    "fields": {
        "is_enabled": true, 
        "name": "On", 
        "max_value": 0, 
        "min_value": 0, 
        "value": 1, 
        "msg": " ", 
        "type": 3, 
        "icon": "https://raw.githubusercontent.com/Domotina/FileBucket/master/sensors_v2/light_on.png"
    }
},
{
    "pk": 4, 
    "model": "map.sensorstatus", 
    "fields": {
        "is_enabled": true, 
        "name": "Off", 
        "max_value": 0, 
        "min_value": 0, 
        "value": 0, 
        "msg": " ", 
        "type": 3, 
        "icon": "https://raw.githubusercontent.com/Domotina/FileBucket/master/sensors_v2/light_off.png"
    }
},
{
    "pk": 5, 
    "model": "map.sensorstatus", 
    "fields": {
        "is_enabled": true, 
        "name": "Yes", 
        "max_value": 0, 
        "min_value": 0, 
        "value": 1, 
        "msg": "There was movement", 
        "type": 1, 
        "icon": "https://raw.githubusercontent.com/Domotina/FileBucket/master/sensors_v2/move_yes.png"
    }
},
{
    "pk": 6, 
    "model": "map.sensorstatus", 
    "fields": {
        "is_enabled": true, 
        "name": "No", 
        "max_value": 0, 
        "min_value": 0, 
        "value": 0, 
        "msg": " ", 
        "type": 1, 
        "icon": "https://raw.githubusercontent.com/Domotina/FileBucket/master/sensors_v2/move_no.png"
    }
},
{
    "pk": 7, 
    "model": "map.sensorstatus", 
    "fields": {
        "is_enabled": true, 
        "name": "Cold", 
        "max_value": 20, 
        "min_value": 0, 
        "value": 0, 
        "msg": ".", 
        "type": 4, 
        "icon": "https://raw.githubusercontent.com/Domotina/FileBucket/master/sensors_v2/temp_cold.png"
    }
},
{
    "pk": 8, 
    "model": "map.sensorstatus", 
    "fields": {
        "is_enabled": true, 
        "name": "Warm", 
        "max_value": 30, 
        "min_value": 21, 
        "value": 0, 
        "msg": ".", 
        "type": 4, 
        "icon": "https://raw.githubusercontent.com/Domotina/FileBucket/master/sensors_v2/temp_warm.png"
    }
},
{
    "pk": 9, 
    "model": "map.sensorstatus", 
    "fields": {
        "is_enabled": true, 
        "name": "Hot", 
        "max_value": 100, 
        "min_value": 31, 
        "value": 0, 
        "msg": ".", 
        "type": 4, 
        "icon": "https://raw.githubusercontent.com/Domotina/FileBucket/master/sensors_v2/temp_hot.png"
    }
},
{
    "pk": 1, 
    "model": "map.sensor", 
    "fields": {
        "current_pos_x": 120, 
        "description": "", 
        "floor": 4, 
        "date_updated": "2013-07-14T20:26:59.766Z", 
        "current_date": "2013-07-14T20:26:59.766Z", 
        "current_value": 0, 
        "date_created": "2013-07-14T20:26:59.766Z", 
        "type": 3, 
        "current_pos_y": 290
    }
},
{
    "pk": 2, 
    "model": "map.sensor", 
    "fields": {
        "current_pos_x": 100, 
        "description": "", 
        "floor": 4, 
        "date_updated": "2014-02-16T20:26:59.766Z", 
        "current_date": "2014-02-16T20:26:59.766Z", 
        "current_value": 1, 
        "date_created": "2014-02-16T20:26:59.766Z", 
        "type": 3, 
        "current_pos_y": 90
    }
},
{
    "pk": 3, 
    "model": "map.sensor", 
    "fields": {
        "current_pos_x": 355, 
        "description": "", 
        "floor": 4, 
        "date_updated": "2014-12-14T20:26:59.766Z", 
        "current_date": "2014-12-14T20:26:59.766Z", 
        "current_value": 1, 
        "date_created": "2014-12-14T20:26:59.766Z", 
        "type": 3, 
        "current_pos_y": 325
    }
},
{
    "pk": 4, 
    "model": "map.sensor", 
    "fields": {
        "current_pos_x": 340, 
        "description": "Study Room Light", 
        "floor": 1, 
        "date_updated": "2014-05-25T20:26:59.766Z", 
        "current_date": "2014-05-25T20:26:59.766Z", 
        "current_value": 0, 
        "date_created": "2014-05-25T20:26:59.766Z", 
        "type": 3, 
        "current_pos_y": 345
    }
},
{
    "pk": 5, 
    "model": "map.sensor", 
    "fields": {
        "current_pos_x": 65, 
        "description": "Main Room Light", 
        "floor": 1, 
        "date_updated": "2014-11-02T20:26:59.766Z", 
        "current_date": "2014-11-02T20:26:59.766Z", 
        "current_value": 0, 
        "date_created": "2014-11-02T20:26:59.766Z", 
        "type": 3, 
        "current_pos_y": 150
    }
},
{
    "pk": 6, 
    "model": "map.sensor", 
    "fields": {
        "current_pos_x": 462, 
        "description": "Living Room Light", 
        "floor": 1, 
        "date_updated": "2014-01-12T20:26:59.766Z", 
        "current_date": "2014-01-12T20:26:59.766Z", 
        "current_value": 1, 
        "date_created": "2014-01-12T20:26:59.766Z", 
        "type": 3, 
        "current_pos_y": 123
    }
},
{
    "pk": 7, 
    "model": "map.sensor", 
    "fields": {
        "current_pos_x": 468, 
        "description": "Dinning Room Light", 
        "floor": 1, 
        "date_updated": "2013-09-15T20:26:59.766Z", 
        "current_date": "2013-09-15T20:26:59.766Z", 
        "current_value": 1, 
        "date_created": "2013-09-15T20:26:59.766Z", 
        "type": 3, 
        "current_pos_y": 310
    }
},
{
    "pk": 8, 
    "model": "map.sensor", 
    "fields": {
        "current_pos_x": 570, 
        "description": "", 
        "floor": 2, 
        "date_updated": "2014-03-02T20:26:59.766Z", 
        "current_date": "2014-03-02T20:26:59.766Z", 
        "current_value": 1, 
        "date_created": "2014-03-02T20:26:59.766Z", 
        "type": 3, 
        "current_pos_y": 135
    }
},
{
    "pk": 9, 
    "model": "map.sensor", 
    "fields": {
        "current_pos_x": 425, 
        "description": "", 
        "floor": 2, 
        "date_updated": "2014-08-10T20:26:59.766Z", 
        "current_date": "2014-08-10T20:26:59.766Z", 
        "current_value": 1, 
        "date_created": "2014-08-10T20:26:59.766Z", 
        "type": 3, 
        "current_pos_y": 95
    }
},
{
    "pk": 10, 
    "model": "map.sensor", 
    "fields": {
        "current_pos_x": 340, 
        "description": "Dinning Room Light", 
        "floor": 5, 
        "date_updated": "2014-05-11T20:26:59.766Z", 
        "current_date": "2014-05-11T20:26:59.766Z", 
        "current_value": 1, 
        "date_created": "2014-05-11T20:26:59.766Z", 
        "type": 3, 
        "current_pos_y": 300
    }
},
{
    "pk": 11, 
    "model": "map.sensor", 
    "fields": {
        "current_pos_x": 120, 
        "description": "Living Room Light", 
        "floor": 5, 
        "date_updated": "2014-06-01T20:26:59.766Z", 
        "current_date": "2014-06-01T20:26:59.766Z", 
        "current_value": 1, 
        "date_created": "2014-06-01T20:26:59.766Z", 
        "type": 3, 
        "current_pos_y": 280
    }
},
{
    "pk": 12, 
    "model": "map.sensor", 
    "fields": {
        "current_pos_x": 120, 
        "description": "Secondary Room Light", 
        "floor": 6, 
        "date_updated": "2014-12-28T20:26:59.766Z", 
        "current_date": "2014-12-28T20:26:59.766Z", 
        "current_value": 1, 
        "date_created": "2014-12-28T20:26:59.766Z", 
        "type": 3, 
        "current_pos_y": 90
    }
},
{
    "pk": 13, 
    "model": "map.sensor", 
    "fields": {
        "current_pos_x": 135, 
        "description": "Main Room Light", 
        "floor": 6, 
        "date_updated": "2014-12-21T20:26:59.766Z", 
        "current_date": "2014-12-21T20:26:59.766Z", 
        "current_value": 1, 
        "date_created": "2014-12-21T20:26:59.766Z", 
        "type": 3, 
        "current_pos_y": 280
    }
},
{
    "pk": 14, 
    "model": "map.sensor", 
    "fields": {
        "current_pos_x": 585, 
        "description": "Main Room Light", 
        "floor": 3, 
        "date_updated": "2013-10-13T20:26:59.766Z", 
        "current_date": "2013-10-13T20:26:59.766Z", 
        "current_value": 1, 
        "date_created": "2013-10-13T20:26:59.766Z", 
        "type": 3, 
        "current_pos_y": 115
    }
},
{
    "pk": 15, 
    "model": "map.sensor", 
    "fields": {
        "current_pos_x": 150, 
        "description": "Living Room Light", 
        "floor": 3, 
        "date_updated": "2014-12-07T20:26:59.766Z", 
        "current_date": "2014-12-07T20:26:59.766Z", 
        "current_value": 1, 
        "date_created": "2014-12-07T20:26:59.766Z", 
        "type": 3, 
        "current_pos_y": 295
    }
},
{
    "pk": 16, 
    "model": "map.sensor", 
    "fields": {
        "current_pos_x": 52, 
        "description": "Dinning Room Light", 
        "floor": 3, 
        "date_updated": "2013-09-29T20:26:59.766Z", 
        "current_date": "2013-09-29T20:26:59.766Z", 
        "current_value": 1, 
        "date_created": "2013-09-29T20:26:59.766Z", 
        "type": 3, 
        "current_pos_y": 265
    }
},
{
    "pk": 17, 
    "model": "map.sensor", 
    "fields": {
        "current_pos_x": 7, 
        "description": "", 
        "floor": 4, 
        "date_updated": "2014-07-27T20:26:59.766Z", 
        "current_date": "2014-07-27T20:26:59.766Z", 
        "current_value": 1, 
        "date_created": "2014-07-27T20:26:59.766Z", 
        "type": 2, 
        "current_pos_y": 75
    }
},
{
    "pk": 18, 
    "model": "map.sensor", 
    "fields": {
        "current_pos_x": 355, 
        "description": "", 
        "floor": 4, 
        "date_updated": "2015-04-12T20:26:59.766Z", 
        "current_date": "2015-04-12T20:26:59.766Z", 
        "current_value": 0, 
        "date_created": "2015-04-12T20:26:59.766Z", 
        "type": 2, 
        "current_pos_y": 375
    }
},
{
    "pk": 19, 
    "model": "map.sensor", 
    "fields": {
        "current_pos_x": 200, 
        "description": "Secondary Room Window", 
        "floor": 1, 
        "date_updated": "2013-12-08T20:26:59.766Z", 
        "current_date": "2013-12-08T20:26:59.766Z", 
        "current_value": 0, 
        "date_created": "2013-12-08T20:26:59.766Z", 
        "type": 2, 
        "current_pos_y": 40
    }
},
{
    "pk": 20, 
    "model": "map.sensor", 
    "fields": {
        "current_pos_x": 65, 
        "description": "Main Room Window", 
        "floor": 1, 
        "date_updated": "2014-12-21T20:26:59.766Z", 
        "current_date": "2014-12-21T20:26:59.766Z", 
        "current_value": 1, 
        "date_created": "2014-12-21T20:26:59.766Z", 
        "type": 2, 
        "current_pos_y": 40
    }
},
{
    "pk": 21, 
    "model": "map.sensor", 
    "fields": {
        "current_pos_x": 462, 
        "description": "Living Room Window", 
        "floor": 1, 
        "date_updated": "2014-11-30T20:26:59.766Z", 
        "current_date": "2014-11-30T20:26:59.766Z", 
        "current_value": 0, 
        "date_created": "2014-11-30T20:26:59.766Z", 
        "type": 2, 
        "current_pos_y": 40
    }
},
{
    "pk": 22, 
    "model": "map.sensor", 
    "fields": {
        "current_pos_x": 600, 
        "description": "Main Access Door", 
        "floor": 1, 
        "date_updated": "2014-04-27T20:26:59.766Z", 
        "current_date": "2014-04-27T20:26:59.766Z", 
        "current_value": 1, 
        "date_created": "2014-04-27T20:26:59.766Z", 
        "type": 2, 
        "current_pos_y": 350
    }
},
{
    "pk": 23, 
    "model": "map.sensor", 
    "fields": {
        "current_pos_x": 193, 
        "description": "", 
        "floor": 2, 
        "date_updated": "2014-09-07T20:26:59.766Z", 
        "current_date": "2014-09-07T20:26:59.766Z", 
        "current_value": 1, 
        "date_created": "2014-09-07T20:26:59.766Z", 
        "type": 2, 
        "current_pos_y": 205
    }
},
{
    "pk": 24, 
    "model": "map.sensor", 
    "fields": {
        "current_pos_x": 640, 
        "description": "", 
        "floor": 2, 
        "date_updated": "2013-11-03T20:26:59.766Z", 
        "current_date": "2013-11-03T20:26:59.766Z", 
        "current_value": 1, 
        "date_created": "2013-11-03T20:26:59.766Z", 
        "type": 2, 
        "current_pos_y": 335
    }
},
{
    "pk": 25, 
    "model": "map.sensor", 
    "fields": {
        "current_pos_x": 1, 
        "description": "Living Room Window", 
        "floor": 5, 
        "date_updated": "2013-11-24T20:26:59.766Z", 
        "current_date": "2013-11-24T20:26:59.766Z", 
        "current_value": 1, 
        "date_created": "2013-11-24T20:26:59.766Z", 
        "type": 2, 
        "current_pos_y": 250
    }
},
{
    "pk": 26, 
    "model": "map.sensor", 
    "fields": {
        "current_pos_x": 680, 
        "description": "Main Access Door", 
        "floor": 5, 
        "date_updated": "2014-10-19T20:26:59.766Z", 
        "current_date": "2014-10-19T20:26:59.766Z", 
        "current_value": 1, 
        "date_created": "2014-10-19T20:26:59.766Z", 
        "type": 2, 
        "current_pos_y": 350
    }
},
{
    "pk": 27, 
    "model": "map.sensor", 
    "fields": {
        "current_pos_x": 1, 
        "description": "Main Room Window", 
        "floor": 6, 
        "date_updated": "2014-05-11T20:26:59.766Z", 
        "current_date": "2014-05-11T20:26:59.766Z", 
        "current_value": 1, 
        "date_created": "2014-05-11T20:26:59.766Z", 
        "type": 2, 
        "current_pos_y": 265
    }
},
{
    "pk": 28, 
    "model": "map.sensor", 
    "fields": {
        "current_pos_x": 335, 
        "description": "Study Room Window", 
        "floor": 3, 
        "date_updated": "2015-03-08T20:26:59.766Z", 
        "current_date": "2015-03-08T20:26:59.766Z", 
        "current_value": 0, 
        "date_created": "2015-03-08T20:26:59.766Z", 
        "type": 2, 
        "current_pos_y": 80
    }
},
{
    "pk": 29, 
    "model": "map.sensor", 
    "fields": {
        "current_pos_x": 32, 
        "description": "Main Access Door", 
        "floor": 3, 
        "date_updated": "2013-07-21T20:26:59.766Z", 
        "current_date": "2013-07-21T20:26:59.766Z", 
        "current_value": 0, 
        "date_created": "2013-07-21T20:26:59.766Z", 
        "type": 2, 
        "current_pos_y": 335
    }
},
{
    "pk": 30, 
    "model": "map.sensor", 
    "fields": {
        "current_pos_x": 37, 
        "description": "", 
        "floor": 4, 
        "date_updated": "2013-09-01T20:26:59.766Z", 
        "current_date": "2013-09-01T20:26:59.766Z", 
        "current_value": 0, 
        "date_created": "2013-09-01T20:26:59.766Z", 
        "type": 1, 
        "current_pos_y": 110
    }
},
{
    "pk": 31, 
    "model": "map.sensor", 
    "fields": {
        "current_pos_x": 355, 
        "description": "", 
        "floor": 4, 
        "date_updated": "2014-04-06T20:26:59.766Z", 
        "current_date": "2014-04-06T20:26:59.766Z", 
        "current_value": 0, 
        "date_created": "2014-04-06T20:26:59.766Z", 
        "type": 1, 
        "current_pos_y": 292
    }
},
{
    "pk": 32, 
    "model": "map.sensor", 
    "fields": {
        "current_pos_x": 369, 
        "description": "", 
        "floor": 1, 
        "date_updated": "2014-12-28T20:26:59.766Z", 
        "current_date": "2014-12-28T20:26:59.766Z", 
        "current_value": 0, 
        "date_created": "2014-12-28T20:26:59.766Z", 
        "type": 1, 
        "current_pos_y": 372
    }
},
{
    "pk": 33, 
    "model": "map.sensor", 
    "fields": {
        "current_pos_x": 248, 
        "description": "", 
        "floor": 1, 
        "date_updated": "2014-03-23T20:26:59.766Z", 
        "current_date": "2014-03-23T20:26:59.766Z", 
        "current_value": 1, 
        "date_created": "2014-03-23T20:26:59.766Z", 
        "type": 1, 
        "current_pos_y": 141
    }
},
{
    "pk": 34, 
    "model": "map.sensor", 
    "fields": {
        "current_pos_x": 125, 
        "description": "", 
        "floor": 1, 
        "date_updated": "2014-11-23T20:26:59.766Z", 
        "current_date": "2014-11-23T20:26:59.766Z", 
        "current_value": 0, 
        "date_created": "2014-11-23T20:26:59.766Z", 
        "type": 1, 
        "current_pos_y": 145
    }
},
{
    "pk": 35, 
    "model": "map.sensor", 
    "fields": {
        "current_pos_x": 408, 
        "description": "", 
        "floor": 2, 
        "date_updated": "2015-04-12T20:26:59.766Z", 
        "current_date": "2015-04-12T20:26:59.766Z", 
        "current_value": 0, 
        "date_created": "2015-04-12T20:26:59.766Z", 
        "type": 1, 
        "current_pos_y": 280
    }
},
{
    "pk": 36, 
    "model": "map.sensor", 
    "fields": {
        "current_pos_x": 195, 
        "description": "", 
        "floor": 5, 
        "date_updated": "2014-09-14T20:26:59.766Z", 
        "current_date": "2014-09-14T20:26:59.766Z", 
        "current_value": 0, 
        "date_created": "2014-09-14T20:26:59.766Z", 
        "type": 1, 
        "current_pos_y": 18
    }
},
{
    "pk": 37, 
    "model": "map.sensor", 
    "fields": {
        "current_pos_x": 575, 
        "description": "Living Room Plasma TV", 
        "floor": 6, 
        "date_updated": "2015-02-22T20:26:59.766Z", 
        "current_date": "2015-02-22T20:26:59.766Z", 
        "current_value": 0, 
        "date_created": "2015-02-22T20:26:59.766Z", 
        "type": 1, 
        "current_pos_y": 177
    }
},
{
    "pk": 38, 
    "model": "map.sensor", 
    "fields": {
        "current_pos_x": 362, 
        "description": "Study Room Laptop", 
        "floor": 3, 
        "date_updated": "2013-12-15T20:26:59.766Z", 
        "current_date": "2013-12-15T20:26:59.766Z", 
        "current_value": 0, 
        "date_created": "2013-12-15T20:26:59.766Z", 
        "type": 1, 
        "current_pos_y": 130
    }
},
{
    "pk": 39, 
    "model": "map.sensor", 
    "fields": {
        "current_pos_x": 660, 
        "description": "", 
        "floor": 3, 
        "date_updated": "2013-09-08T20:26:59.766Z", 
        "current_date": "2013-09-08T20:26:59.766Z", 
        "current_value": 0, 
        "date_created": "2013-09-08T20:26:59.766Z", 
        "type": 1, 
        "current_pos_y": 105
    }
},
{
    "pk": 40, 
    "model": "map.sensor", 
    "fields": {
        "current_pos_x": 20, 
        "description": "Meeting Room Thermostat", 
        "floor": 4, 
        "date_updated": "2014-05-25T20:26:59.766Z", 
        "current_date": "2014-05-25T20:26:59.766Z", 
        "current_value": 21, 
        "date_created": "2014-05-25T20:26:59.766Z", 
        "type": 4, 
        "current_pos_y": 360
    }
},
{
    "pk": 41, 
    "model": "map.sensor", 
    "fields": {
        "current_pos_x": 170, 
        "description": "Boss Office Thermostat", 
        "floor": 4, 
        "date_updated": "2014-01-26T20:26:59.766Z", 
        "current_date": "2014-01-26T20:26:59.766Z", 
        "current_value": 15, 
        "date_created": "2014-01-26T20:26:59.766Z", 
        "type": 4, 
        "current_pos_y": 15
    }
},
{
    "pk": 42, 
    "model": "map.sensor", 
    "fields": {
        "current_pos_x": 595, 
        "description": "Kitchen Thermostat", 
        "floor": 1, 
        "date_updated": "2013-11-03T20:26:59.766Z", 
        "current_date": "2013-11-03T20:26:59.766Z", 
        "current_value": 22, 
        "date_created": "2013-11-03T20:26:59.766Z", 
        "type": 4, 
        "current_pos_y": 260
    }
},
{
    "pk": 43, 
    "model": "map.sensor", 
    "fields": {
        "current_pos_x": 10, 
        "description": "Main Room Thermostat", 
        "floor": 1, 
        "date_updated": "2015-02-22T20:26:59.766Z", 
        "current_date": "2015-02-22T20:26:59.766Z", 
        "current_value": 15, 
        "date_created": "2015-02-22T20:26:59.766Z", 
        "type": 4, 
        "current_pos_y": 235
    }
},
{
    "pk": 44, 
    "model": "map.sensor", 
    "fields": {
        "current_pos_x": 100, 
        "description": "Main Room Thermostat", 
        "floor": 2, 
        "date_updated": "2013-09-15T20:26:59.766Z", 
        "current_date": "2013-09-15T20:26:59.766Z", 
        "current_value": 31, 
        "date_created": "2013-09-15T20:26:59.766Z", 
        "type": 4, 
        "current_pos_y": 10
    }
},
{
    "pk": 45, 
    "model": "map.sensor", 
    "fields": {
        "current_pos_x": 100, 
        "description": "Study Room Thermostat", 
        "floor": 5, 
        "date_updated": "2014-11-09T20:26:59.766Z", 
        "current_date": "2014-11-09T20:26:59.766Z", 
        "current_value": 18, 
        "date_created": "2014-11-09T20:26:59.766Z", 
        "type": 4, 
        "current_pos_y": 50
    }
},
{
    "pk": 46, 
    "model": "map.sensor", 
    "fields": {
        "current_pos_x": 210, 
        "description": "Living Room Thermostat", 
        "floor": 5, 
        "date_updated": "2014-09-07T20:26:59.766Z", 
        "current_date": "2014-09-07T20:26:59.766Z", 
        "current_value": 21, 
        "date_created": "2014-09-07T20:26:59.766Z", 
        "type": 4, 
        "current_pos_y": 360
    }
},
{
    "pk": 47, 
    "model": "map.sensor", 
    "fields": {
        "current_pos_x": 640, 
        "description": "Living Room Thermostat", 
        "floor": 6, 
        "date_updated": "2013-06-30T20:26:59.766Z", 
        "current_date": "2013-06-30T20:26:59.766Z", 
        "current_value": 21, 
        "date_created": "2013-06-30T20:26:59.766Z", 
        "type": 4, 
        "current_pos_y": 30
    }
},
{
    "pk": 48, 
    "model": "map.sensor", 
    "fields": {
        "current_pos_x": 170, 
        "description": "Secondary Room Thermostat", 
        "floor": 6, 
        "date_updated": "2014-11-09T20:26:59.766Z", 
        "current_date": "2014-11-09T20:26:59.766Z", 
        "current_value": 19, 
        "date_created": "2014-11-09T20:26:59.766Z", 
        "type": 4, 
        "current_pos_y": 20
    }
},
{
    "pk": 49, 
    "model": "map.sensor", 
    "fields": {
        "current_pos_x": 215, 
        "description": "Main Room Thermostat", 
        "floor": 6, 
        "date_updated": "2014-03-02T20:26:59.766Z", 
        "current_date": "2014-03-02T20:26:59.766Z", 
        "current_value": 15, 
        "date_created": "2014-03-02T20:26:59.766Z", 
        "type": 4, 
        "current_pos_y": 350
    }
},
{
    "pk": 50, 
    "model": "map.sensor", 
    "fields": {
        "current_pos_x": 10, 
        "description": "Kitchen Thermostat", 
        "floor": 3, 
        "date_updated": "2015-02-15T20:26:59.766Z", 
        "current_date": "2015-02-15T20:26:59.766Z", 
        "current_value": 32, 
        "date_created": "2015-02-15T20:26:59.766Z", 
        "type": 4, 
        "current_pos_y": 100
    }
},
{
    "pk": 51, 
    "model": "map.sensor", 
    "fields": {
        "current_pos_x": 540, 
        "description": "Main Room Thermostat", 
        "floor": 3, 
        "date_updated": "2013-10-27T20:26:59.766Z", 
        "current_date": "2013-10-27T20:26:59.766Z", 
        "current_value": 18, 
        "date_created": "2013-10-27T20:26:59.766Z", 
        "type": 4, 
        "current_pos_y": 200
    }
},
{
    "pk": 1, 
    "model": "auth.permission", 
    "fields": {
        "codename": "add_logentry", 
        "name": "Can add log entry", 
        "content_type": 1
    }
},
{
    "pk": 2, 
    "model": "auth.permission", 
    "fields": {
        "codename": "change_logentry", 
        "name": "Can change log entry", 
        "content_type": 1
    }
},
{
    "pk": 3, 
    "model": "auth.permission", 
    "fields": {
        "codename": "delete_logentry", 
        "name": "Can delete log entry", 
        "content_type": 1
    }
},
{
    "pk": 4, 
    "model": "auth.permission", 
    "fields": {
        "codename": "add_permission", 
        "name": "Can add permission", 
        "content_type": 2
    }
},
{
    "pk": 5, 
    "model": "auth.permission", 
    "fields": {
        "codename": "change_permission", 
        "name": "Can change permission", 
        "content_type": 2
    }
},
{
    "pk": 6, 
    "model": "auth.permission", 
    "fields": {
        "codename": "delete_permission", 
        "name": "Can delete permission", 
        "content_type": 2
    }
},
{
    "pk": 7, 
    "model": "auth.permission", 
    "fields": {
        "codename": "add_group", 
        "name": "Can add group", 
        "content_type": 3
    }
},
{
    "pk": 8, 
    "model": "auth.permission", 
    "fields": {
        "codename": "change_group", 
        "name": "Can change group", 
        "content_type": 3
    }
},
{
    "pk": 9, 
    "model": "auth.permission", 
    "fields": {
        "codename": "delete_group", 
        "name": "Can delete group", 
        "content_type": 3
    }
},
{
    "pk": 10, 
    "model": "auth.permission", 
    "fields": {
        "codename": "add_user", 
        "name": "Can add user", 
        "content_type": 4
    }
},
{
    "pk": 11, 
    "model": "auth.permission", 
    "fields": {
        "codename": "change_user", 
        "name": "Can change user", 
        "content_type": 4
    }
},
{
    "pk": 12, 
    "model": "auth.permission", 
    "fields": {
        "codename": "delete_user", 
        "name": "Can delete user", 
        "content_type": 4
    }
},
{
    "pk": 13, 
    "model": "auth.permission", 
    "fields": {
        "codename": "add_contenttype", 
        "name": "Can add content type", 
        "content_type": 5
    }
},
{
    "pk": 14, 
    "model": "auth.permission", 
    "fields": {
        "codename": "change_contenttype", 
        "name": "Can change content type", 
        "content_type": 5
    }
},
{
    "pk": 15, 
    "model": "auth.permission", 
    "fields": {
        "codename": "delete_contenttype", 
        "name": "Can delete content type", 
        "content_type": 5
    }
},
{
    "pk": 16, 
    "model": "auth.permission", 
    "fields": {
        "codename": "add_session", 
        "name": "Can add session", 
        "content_type": 6
    }
},
{
    "pk": 17, 
    "model": "auth.permission", 
    "fields": {
        "codename": "change_session", 
        "name": "Can change session", 
        "content_type": 6
    }
},
{
    "pk": 18, 
    "model": "auth.permission", 
    "fields": {
        "codename": "delete_session", 
        "name": "Can delete session", 
        "content_type": 6
    }
},
{
    "pk": 19, 
    "model": "auth.permission", 
    "fields": {
        "codename": "add_event", 
        "name": "Can add event", 
        "content_type": 7
    }
},
{
    "pk": 20, 
    "model": "auth.permission", 
    "fields": {
        "codename": "change_event", 
        "name": "Can change event", 
        "content_type": 7
    }
},
{
    "pk": 21, 
    "model": "auth.permission", 
    "fields": {
        "codename": "delete_event", 
        "name": "Can delete event", 
        "content_type": 7
    }
},
{
    "pk": 22, 
    "model": "auth.permission", 
    "fields": {
        "codename": "add_alarm", 
        "name": "Can add alarm", 
        "content_type": 8
    }
},
{
    "pk": 23, 
    "model": "auth.permission", 
    "fields": {
        "codename": "change_alarm", 
        "name": "Can change alarm", 
        "content_type": 8
    }
},
{
    "pk": 24, 
    "model": "auth.permission", 
    "fields": {
        "codename": "delete_alarm", 
        "name": "Can delete alarm", 
        "content_type": 8
    }
},
{
    "pk": 25, 
    "model": "auth.permission", 
    "fields": {
        "codename": "add_neighborhood", 
        "name": "Can add neighborhood", 
        "content_type": 9
    }
},
{
    "pk": 26, 
    "model": "auth.permission", 
    "fields": {
        "codename": "change_neighborhood", 
        "name": "Can change neighborhood", 
        "content_type": 9
    }
},
{
    "pk": 27, 
    "model": "auth.permission", 
    "fields": {
        "codename": "delete_neighborhood", 
        "name": "Can delete neighborhood", 
        "content_type": 9
    }
},
{
    "pk": 28, 
    "model": "auth.permission", 
    "fields": {
        "codename": "add_place", 
        "name": "Can add place", 
        "content_type": 10
    }
},
{
    "pk": 29, 
    "model": "auth.permission", 
    "fields": {
        "codename": "change_place", 
        "name": "Can change place", 
        "content_type": 10
    }
},
{
    "pk": 30, 
    "model": "auth.permission", 
    "fields": {
        "codename": "delete_place", 
        "name": "Can delete place", 
        "content_type": 10
    }
},
{
    "pk": 31, 
    "model": "auth.permission", 
    "fields": {
        "codename": "add_floor", 
        "name": "Can add floor", 
        "content_type": 11
    }
},
{
    "pk": 32, 
    "model": "auth.permission", 
    "fields": {
        "codename": "change_floor", 
        "name": "Can change floor", 
        "content_type": 11
    }
},
{
    "pk": 33, 
    "model": "auth.permission", 
    "fields": {
        "codename": "delete_floor", 
        "name": "Can delete floor", 
        "content_type": 11
    }
},
{
    "pk": 34, 
    "model": "auth.permission", 
    "fields": {
        "codename": "add_sensortype", 
        "name": "Can add sensor type", 
        "content_type": 12
    }
},
{
    "pk": 35, 
    "model": "auth.permission", 
    "fields": {
        "codename": "change_sensortype", 
        "name": "Can change sensor type", 
        "content_type": 12
    }
},
{
    "pk": 36, 
    "model": "auth.permission", 
    "fields": {
        "codename": "delete_sensortype", 
        "name": "Can delete sensor type", 
        "content_type": 12
    }
},
{
    "pk": 37, 
    "model": "auth.permission", 
    "fields": {
        "codename": "add_sensorstatus", 
        "name": "Can add sensor status", 
        "content_type": 13
    }
},
{
    "pk": 38, 
    "model": "auth.permission", 
    "fields": {
        "codename": "change_sensorstatus", 
        "name": "Can change sensor status", 
        "content_type": 13
    }
},
{
    "pk": 39, 
    "model": "auth.permission", 
    "fields": {
        "codename": "delete_sensorstatus", 
        "name": "Can delete sensor status", 
        "content_type": 13
    }
},
{
    "pk": 40, 
    "model": "auth.permission", 
    "fields": {
        "codename": "add_sensor", 
        "name": "Can add sensor", 
        "content_type": 14
    }
},
{
    "pk": 41, 
    "model": "auth.permission", 
    "fields": {
        "codename": "change_sensor", 
        "name": "Can change sensor", 
        "content_type": 14
    }
},
{
    "pk": 42, 
    "model": "auth.permission", 
    "fields": {
        "codename": "delete_sensor", 
        "name": "Can delete sensor", 
        "content_type": 14
    }
},
{
    "pk": 43, 
    "model": "auth.permission", 
    "fields": {
        "codename": "add_delegate",
        "name": "Can add delegate",
        "content_type": 15
    }
},
{
    "pk": 44, 
    "model": "auth.permission", 
    "fields": {
        "codename": "change_delegate",
        "name": "Can change delegate",
        "content_type": 15
    }
},
{
    "pk": 45, 
    "model": "auth.permission", 
    "fields": {
        "codename": "delete_delegate",
        "name": "Can delete delegate",
        "content_type": 15
    }
},
  {"pk": 46,
    "model": "auth.permission",
    "fields": {
      "codename": "add_zoomlocation",
      "name": "Can add zoom location",
      "content_type": 16
    }
  },
  {"pk": 47,
    "model": "auth.permission",
    "fields": {
      "codename": "change_zoomlocation",
      "name": "Can change zoom location",
      "content_type": 16
    }
  },
  {"pk": 48,
    "model": "auth.permission",
    "fields": {
      "codename": "delete_zoomlocation",
      "name": "Can delete zoom location",
      "content_type": 16
    }
  },
    {"pk": 49,
    "model": "auth.permission",
    "fields": {
      "codename": "add_scheduledaily",
      "name": "Can add Daily Schedule",
      "content_type": 17
    }
  },
  {"pk": 50,
    "model": "auth.permission",
    "fields": {
      "codename": "change_scheduledaily",
      "name": "Can change Daily Schedule",
      "content_type": 17
    }
  },
  {"pk": 51,
    "model": "auth.permission",
    "fields": {
      "codename": "delete_scheduledaily",
      "name": "Can delete Daily Schedule",
      "content_type": 17
    }
  },
{
    "pk": 1, 
    "model": "auth.group", 
    "fields": {
        "name": "UsersCentral", 
        "permissions": [
            2
        ]
    }
},
{
    "pk": 2, 
    "model": "auth.group", 
    "fields": {
        "name": "UsersOwners", 
        "permissions": [
            34, 
            35, 
            36
        ]
    }
},
{
    "pk": 3, 
    "model": "auth.group", 
    "fields": {
        "name": "Sensors", 
        "permissions": [
            41
        ]
    }
},
{"pk": 4,
  "model": "auth.group",
  "fields": {
    "name": "UsersDelegate",
    "permissions": []
  }
},
{
    "pk": 1, 
    "model": "auth.user", 
    "fields": {
        "username": "domotina", 
        "first_name": "", 
        "last_name": "", 
        "is_active": true, 
        "is_superuser": true, 
        "is_staff": true, 
        "last_login": "2015-04-19T19:25:21.715Z", 
        "groups": [], 
        "user_permissions": [], 
        "password": "pbkdf2_sha256$12000$jTeDaK4UwLqY$ytI9/vmZ15Z6Kvj8xKPmQCXGJlKBOcRPeDKxcXPRfBo=", 
        "email": "djimenez@ingenieros.com", 
        "date_joined": "2015-03-07T20:01:23Z"
    }
},
{
    "pk": 2, 
    "model": "auth.user", 
    "fields": {
        "username": "central", 
        "first_name": "Usuario", 
        "last_name": "Central", 
        "is_active": true, 
        "is_superuser": false, 
        "is_staff": false, 
        "last_login": "2015-03-21T22:13:26.308Z", 
        "groups": [
            1
        ], 
        "user_permissions": [], 
        "password": "pbkdf2_sha256$12000$c59nhEY8EnFF$UbXvE/gDmDc2n928B9D+wN5wf9RojB/4r9TYmg/OYB0=", 
        "email": "raul.gomezn@hotmail.com", 
        "date_joined": "2015-03-21T15:59:16Z"
    }
},
{
    "pk": 3, 
    "model": "auth.user", 
    "fields": {
        "username": "user", 
        "first_name": "Usuario", 
        "last_name": "Propietario", 
        "is_active": true, 
        "is_superuser": false, 
        "is_staff": false, 
        "last_login": "2015-03-21T22:12:47.770Z", 
        "groups": [
            2
        ], 
        "user_permissions": [], 
        "password": "pbkdf2_sha256$12000$VWJRLICOiKez$CtVqE1CjkxHkePTyXaw4ckodgDViaNIGfkCLPiyvcXc=", 
        "email": "raul.gomezn@hotmail.com", 
        "date_joined": "2015-03-21T17:21:32Z"
    }
},
{
    "pk": 4, 
    "model": "auth.user", 
    "fields": {
        "username": "buildersmart", 
        "first_name": "Constructora", 
        "last_name": "Smart", 
        "is_active": true, 
        "is_superuser": false, 
        "is_staff": false, 
        "last_login": "2015-04-07T20:31:31Z", 
        "groups": [
            4
        ], 
        "user_permissions": [], 
        "password": "pbkdf2_sha256$12000$N86jDM6VMMBS$QSBrO+gI9xg1gF2uffrFTLoXSPILd0qfCP+Dm6f0bY4=",
        "email": "ra.gomez11@uniandes.edu.co", 
        "date_joined": "2015-04-07T20:31:31Z"
    }
},
{
    "pk": 5, 
    "model": "auth.user", 
    "fields": {
        "username": "kaos", 
        "first_name": "a", 
        "last_name": "e", 
        "is_active": true, 
        "is_superuser": false, 
        "is_staff": false, 
        "last_login": "2015-04-09T20:14:16.761Z", 
        "groups": [
            2
        ], 
        "user_permissions": [], 
        "password": "pbkdf2_sha256$12000$xPjRrVS8DoGk$6KEiFopXiDRXDIL0w7Kfds6tBAnxmehzyW73Hs2ZbQ4=", 
        "email": "kaosterra@gmail.com", 
        "date_joined": "2015-04-09T20:14:16.761Z"
    }
},
{
    "pk": 6, 
    "model": "auth.user", 
    "fields": {
        "username": "djimenez", 
        "first_name": "David", 
        "last_name": "Jimenez", 
        "is_active": true, 
        "is_superuser": true, 
        "is_staff": false,
        "last_login": "2015-04-11T15:14:34.457Z", 
        "groups": [
            2
        ], 
        "user_permissions": [], 
        "password": "pbkdf2_sha256$12000$jTeDaK4UwLqY$ytI9/vmZ15Z6Kvj8xKPmQCXGJlKBOcRPeDKxcXPRfBo=", 
        "email": "djimenez@ingenieros.com", 
        "date_joined": "2015-03-07T20:01:23Z"
    }
},
{
    "pk": 7, 
    "model": "auth.user", 
    "fields": {
        "username": "sensor1", 
        "first_name": "", 
        "last_name": "", 
        "is_active": true, 
        "is_superuser": false, 
        "is_staff": false, 
        "last_login": "2015-04-19T18:45:01Z", 
        "groups": [
            3
        ], 
        "user_permissions": [], 
        "password": "pbkdf2_sha256$12000$PXq60jDGTSjr$BjHBHgegLpuT8aFv3SuLf6LGbplcHHoSDsyWLzfa+c8=", 
        "email": "", 
        "date_joined": "2015-04-19T18:45:01Z"
    }
},
{
    "pk": 1, 
    "model": "map.place", 
    "fields": {
        "owner": 3,
        "date_created": "2015-03-07T20:59:03.888Z", 
        "neighborhood": 1, 
        "name": "T10 AP602", 
        "date_updated": "2015-03-07T20:59:03.888Z"
    }
},
{
    "pk": 2, 
    "model": "map.place", 
    "fields": {
        "owner": 6,
        "date_created": "2015-03-07T20:59:27.651Z", 
        "neighborhood": 1, 
        "name": "T10 AP603", 
        "date_updated": "2015-03-07T20:59:27.651Z"
    }
},
{
    "pk": 3, 
    "model": "map.place", 
    "fields": {
        "owner": 3,
        "date_created": "2015-03-08T02:24:08.983Z", 
        "neighborhood": 3, 
        "name": "Kr 69D St 25-04", 
        "date_updated": "2015-03-08T02:24:08.983Z"
    }
},
{
    "pk": 4, 
    "model": "map.place", 
    "fields": {
        "owner": 1, 
        "date_created": "2015-03-08T03:37:22.536Z", 
        "neighborhood": 4, 
        "name": "Office 201", 
        "date_updated": "2015-03-08T03:37:22.536Z"
    }
},
{
    "pk": 5, 
    "model": "map.place", 
    "fields": {
        "owner": 5,
        "date_created": "2015-03-17T17:24:15.155Z", 
        "neighborhood": 3, 
        "name": "Kr 69A St 24-12", 
        "date_updated": "2015-03-17T17:24:15.155Z"
    }
},
{
    "pk": 1,
    "model": "event_manager.event",
    "fields": {
        "timestamp": "2013-07-14T20:26:59.766Z",
        "pos_x": 120,
        "pos_y": 290,
        "sensor": 1,
        "value": 0
    }
},
{
    "pk": 2,
    "model": "event_manager.event",
    "fields": {
        "timestamp": "2014-02-16T20:26:59.766Z",
        "pos_x": 100,
        "pos_y": 90,
        "sensor": 2,
        "value": 1
    }
},
{
    "pk": 3,
    "model": "event_manager.event",
    "fields": {
        "timestamp": "2014-12-14T20:26:59.766Z",
        "pos_x": 355,
        "pos_y": 325,
        "sensor": 3,
        "value": 1
    }
},
{
    "pk": 4,
    "model": "event_manager.event",
    "fields": {
        "timestamp": "2014-05-25T20:26:59.766Z",
        "pos_x": 340,
        "pos_y": 345,
        "sensor": 4,
        "value": 0
    }
},
{
    "pk": 5,
    "model": "event_manager.event",
    "fields": {
        "timestamp": "2014-11-02T20:26:59.766Z",
        "pos_x": 65,
        "pos_y": 150,
        "sensor": 5,
        "value": 0
    }
},
{
    "pk": 6,
    "model": "event_manager.event",
    "fields": {
        "timestamp": "2014-01-12T20:26:59.766Z",
        "pos_x": 462,
        "pos_y": 123,
        "sensor": 6,
        "value": 1
    }
},
{
    "pk": 7,
    "model": "event_manager.event",
    "fields": {
        "timestamp": "2013-09-15T20:26:59.766Z",
        "pos_x": 468,
        "pos_y": 310,
        "sensor": 7,
        "value": 1
    }
},
{
    "pk": 8,
    "model": "event_manager.event",
    "fields": {
        "timestamp": "2014-03-02T20:26:59.766Z",
        "pos_x": 570,
        "pos_y": 135,
        "sensor": 8,
        "value": 1
    }
},
{
    "pk": 9,
    "model": "event_manager.event",
    "fields": {
        "timestamp": "2014-08-10T20:26:59.766Z",
        "pos_x": 425,
        "pos_y": 95,
        "sensor": 9,
        "value": 1
    }
},
{
    "pk": 10,
    "model": "event_manager.event",
    "fields": {
        "timestamp": "2014-05-11T20:26:59.766Z",
        "pos_x": 340,
        "pos_y": 300,
        "sensor": 10,
        "value": 1
    }
},
{
    "pk": 11,
    "model": "event_manager.event",
    "fields": {
        "timestamp": "2014-06-01T20:26:59.766Z",
        "pos_x": 120,
        "pos_y": 280,
        "sensor": 11,
        "value": 1
    }
},
{
    "pk": 12,
    "model": "event_manager.event",
    "fields": {
        "timestamp": "2014-12-28T20:26:59.766Z",
        "pos_x": 120,
        "pos_y": 90,
        "sensor": 12,
        "value": 1
    }
},
{
    "pk": 13,
    "model": "event_manager.event",
    "fields": {
        "timestamp": "2014-12-21T20:26:59.766Z",
        "pos_x": 135,
        "pos_y": 280,
        "sensor": 13,
        "value": 1
    }
},
{
    "pk": 14,
    "model": "event_manager.event",
    "fields": {
        "timestamp": "2013-10-13T20:26:59.766Z",
        "pos_x": 585,
        "pos_y": 115,
        "sensor": 14,
        "value": 1
    }
},
{
    "pk": 15,
    "model": "event_manager.event",
    "fields": {
        "timestamp": "2014-12-07T20:26:59.766Z",
        "pos_x": 150,
        "pos_y": 295,
        "sensor": 15,
        "value": 1
    }
},
{
    "pk": 16,
    "model": "event_manager.event",
    "fields": {
        "timestamp": "2013-09-29T20:26:59.766Z",
        "pos_x": 52,
        "pos_y": 265,
        "sensor": 16,
        "value": 1
    }
},
{
    "pk": 17,
    "model": "event_manager.event",
    "fields": {
        "timestamp": "2014-07-27T20:26:59.766Z",
        "pos_x": 7,
        "pos_y": 75,
        "sensor": 17,
        "value": 1
    }
},
{
    "pk": 18,
    "model": "event_manager.event",
    "fields": {
        "timestamp": "2015-04-12T20:26:59.766Z",
        "pos_x": 355,
        "pos_y": 375,
        "sensor": 18,
        "value": 0
    }
},
{
    "pk": 19,
    "model": "event_manager.event",
    "fields": {
        "timestamp": "2013-12-08T20:26:59.766Z",
        "pos_x": 200,
        "pos_y": 40,
        "sensor": 19,
        "value": 0
    }
},
{
    "pk": 20,
    "model": "event_manager.event",
    "fields": {
        "timestamp": "2014-12-21T20:26:59.766Z",
        "pos_x": 65,
        "pos_y": 40,
        "sensor": 20,
        "value": 1
    }
},
{
    "pk": 21,
    "model": "event_manager.event",
    "fields": {
        "timestamp": "2014-11-30T20:26:59.766Z",
        "pos_x": 462,
        "pos_y": 40,
        "sensor": 21,
        "value": 0
    }
},
{
    "pk": 22,
    "model": "event_manager.event",
    "fields": {
        "timestamp": "2014-04-27T20:26:59.766Z",
        "pos_x": 600,
        "pos_y": 350,
        "sensor": 22,
        "value": 1
    }
},
{
    "pk": 23,
    "model": "event_manager.event",
    "fields": {
        "timestamp": "2014-09-07T20:26:59.766Z",
        "pos_x": 193,
        "pos_y": 205,
        "sensor": 23,
        "value": 1
    }
},
{
    "pk": 24,
    "model": "event_manager.event",
    "fields": {
        "timestamp": "2013-11-03T20:26:59.766Z",
        "pos_x": 640,
        "pos_y": 335,
        "sensor": 24,
        "value": 1
    }
},
{
    "pk": 25,
    "model": "event_manager.event",
    "fields": {
        "timestamp": "2013-11-24T20:26:59.766Z",
        "pos_x": 1,
        "pos_y": 250,
        "sensor": 25,
        "value": 1
    }
},
{
    "pk": 26,
    "model": "event_manager.event",
    "fields": {
        "timestamp": "2014-10-19T20:26:59.766Z",
        "pos_x": 680,
        "pos_y": 350,
        "sensor": 26,
        "value": 1
    }
},
{
    "pk": 27,
    "model": "event_manager.event",
    "fields": {
        "timestamp": "2014-05-11T20:26:59.766Z",
        "pos_x": 1,
        "pos_y": 265,
        "sensor": 27,
        "value": 1
    }
},
{
    "pk": 28,
    "model": "event_manager.event",
    "fields": {
        "timestamp": "2015-03-08T20:26:59.766Z",
        "pos_x": 335,
        "pos_y": 80,
        "sensor": 28,
        "value": 0
    }
},
{
    "pk": 29,
    "model": "event_manager.event",
    "fields": {
        "timestamp": "2013-07-21T20:26:59.766Z",
        "pos_x": 32,
        "pos_y": 335,
        "sensor": 29,
        "value": 0
    }
},
{
    "pk": 30,
    "model": "event_manager.event",
    "fields": {
        "timestamp": "2013-09-01T20:26:59.766Z",
        "pos_x": 37,
        "pos_y": 110,
        "sensor": 30,
        "value": 0
    }
},
{
    "pk": 31,
    "model": "event_manager.event",
    "fields": {
        "timestamp": "2014-04-06T20:26:59.766Z",
        "pos_x": 355,
        "pos_y": 292,
        "sensor": 31,
        "value": 0
    }
},
{
    "pk": 32,
    "model": "event_manager.event",
    "fields": {
        "timestamp": "2014-12-28T20:26:59.766Z",
        "pos_x": 369,
        "pos_y": 372,
        "sensor": 32,
        "value": 0
    }
},
{
    "pk": 33,
    "model": "event_manager.event",
    "fields": {
        "timestamp": "2014-03-23T20:26:59.766Z",
        "pos_x": 248,
        "pos_y": 141,
        "sensor": 33,
        "value": 1
    }
},
{
    "pk": 34,
    "model": "event_manager.event",
    "fields": {
        "timestamp": "2014-11-23T20:26:59.766Z",
        "pos_x": 125,
        "pos_y": 145,
        "sensor": 34,
        "value": 0
    }
},
{
    "pk": 35,
    "model": "event_manager.event",
    "fields": {
        "timestamp": "2015-04-12T20:26:59.766Z",
        "pos_x": 408,
        "pos_y": 280,
        "sensor": 35,
        "value": 0
    }
},
{
    "pk": 36,
    "model": "event_manager.event",
    "fields": {
        "timestamp": "2014-09-14T20:26:59.766Z",
        "pos_x": 195,
        "pos_y": 18,
        "sensor": 36,
        "value": 0
    }
},
{
    "pk": 37,
    "model": "event_manager.event",
    "fields": {
        "timestamp": "2015-02-22T20:26:59.766Z",
        "pos_x": 575,
        "pos_y": 177,
        "sensor": 37,
        "value": 0
    }
},
{
    "pk": 38,
    "model": "event_manager.event",
    "fields": {
        "timestamp": "2013-12-15T20:26:59.766Z",
        "pos_x": 362,
        "pos_y": 130,
        "sensor": 38,
        "value": 0
    }
},
{
    "pk": 39,
    "model": "event_manager.event",
    "fields": {
        "timestamp": "2013-09-08T20:26:59.766Z",
        "pos_x": 660,
        "pos_y": 105,
        "sensor": 39,
        "value": 0
    }
},
{
    "pk": 40,
    "model": "event_manager.event",
    "fields": {
        "timestamp": "2014-05-25T20:26:59.766Z",
        "pos_x": 20,
        "pos_y": 360,
        "sensor": 40,
        "value": 21
    }
},
{
    "pk": 41,
    "model": "event_manager.event",
    "fields": {
        "timestamp": "2014-01-26T20:26:59.766Z",
        "pos_x": 170,
        "pos_y": 15,
        "sensor": 41,
        "value": 15
    }
},
{
    "pk": 42,
    "model": "event_manager.event",
    "fields": {
        "timestamp": "2013-11-03T20:26:59.766Z",
        "pos_x": 595,
        "pos_y": 260,
        "sensor": 42,
        "value": 22
    }
},
{
    "pk": 43,
    "model": "event_manager.event",
    "fields": {
        "timestamp": "2015-02-22T20:26:59.766Z",
        "pos_x": 10,
        "pos_y": 235,
        "sensor": 43,
        "value": 15
    }
},
{
    "pk": 44,
    "model": "event_manager.event",
    "fields": {
        "timestamp": "2013-09-15T20:26:59.766Z",
        "pos_x": 100,
        "pos_y": 10,
        "sensor": 44,
        "value": 31
    }
},
{
    "pk": 45,
    "model": "event_manager.event",
    "fields": {
        "timestamp": "2014-11-09T20:26:59.766Z",
        "pos_x": 100,
        "pos_y": 50,
        "sensor": 45,
        "value": 18
    }
},
{
    "pk": 46,
    "model": "event_manager.event",
    "fields": {
        "timestamp": "2014-09-07T20:26:59.766Z",
        "pos_x": 210,
        "pos_y": 360,
        "sensor": 46,
        "value": 21
    }
},
{
    "pk": 47,
    "model": "event_manager.event",
    "fields": {
        "timestamp": "2013-06-30T20:26:59.766Z",
        "pos_x": 640,
        "pos_y": 30,
        "sensor": 47,
        "value": 21
    }
},
{
    "pk": 48,
    "model": "event_manager.event",
    "fields": {
        "timestamp": "2014-11-09T20:26:59.766Z",
        "pos_x": 170,
        "pos_y": 20,
        "sensor": 48,
        "value": 19
    }
},
{
    "pk": 49,
    "model": "event_manager.event",
    "fields": {
        "timestamp": "2014-03-02T20:26:59.766Z",
        "pos_x": 215,
        "pos_y": 350,
        "sensor": 49,
        "value": 15
    }
},
{
    "pk": 50,
    "model": "event_manager.event",
    "fields": {
        "timestamp": "2015-02-15T20:26:59.766Z",
        "pos_x": 10,
        "pos_y": 100,
        "sensor": 50,
        "value": 32
    }
},
{
    "pk": 51,
    "model": "event_manager.event",
    "fields": {
        "timestamp": "2013-10-27T20:26:59.766Z",
        "pos_x": 540,
        "pos_y": 200,
        "sensor": 51,
        "value": 18
    }
},
{
    "pk": 52,
    "model": "event_manager.event",
    "fields": {
        "timestamp": "2013-12-15T17:26:59.766Z",
        "pos_x": 10,
        "pos_y": 10,
        "sensor": 38,
        "value": 0
    }
},
{
    "pk": 1,
    "model": "map.zoomlocation",
    "fields": {
        "floor": 4,
        "pos_x": 0,
        "pos_y": 0,
        "width_zoom": 360,
        "height_zoom": 200
    }
},
{
    "pk": 2,
    "model": "map.zoomlocation",
    "fields": {
        "floor": 4,
        "pos_x": 190,
        "pos_y": 0,
        "width_zoom": 500,
        "height_zoom": 220
    }
},
{
    "pk": 3,
    "model": "map.zoomlocation",
    "fields": {
        "floor": 4,
        "pos_x": 490,
        "pos_y": 0,
        "width_zoom": 280,
        "height_zoom": 250
    }
},
{
    "pk": 4,
    "model": "map.zoomlocation",
    "fields": {
        "floor": 4,
        "pos_x": 0,
        "pos_y": 205,
        "width_zoom": 430,
        "height_zoom": 190
    }
},
{
    "pk": 5,
    "model": "map.zoomlocation",
    "fields": {
        "floor": 4,
        "pos_x": 250,
        "pos_y": 220,
        "width_zoom": 400,
        "height_zoom": 180
    }
},
{
    "pk": 6,
    "model": "map.zoomlocation",
    "fields": {
        "floor": 4,
        "pos_x": 480,
        "pos_y": 210,
        "width_zoom": 350,
        "height_zoom": 180
    }
},
{
    "pk": 7,
    "model": "map.zoomlocation",
    "fields": {
        "floor": 1,
        "pos_x": 0,
        "pos_y": 50,
        "width_zoom": 270,
        "height_zoom": 220
    }
},
{
    "pk": 8,
    "model": "map.zoomlocation",
    "fields": {
        "floor": 1,
        "pos_x": 140,
        "pos_y": 50,
        "width_zoom": 250,
        "height_zoom": 250
    }
},
{
    "pk": 9,
    "model": "map.zoomlocation",
    "fields": {
        "floor": 1,
        "pos_x": 270,
        "pos_y": 50,
        "width_zoom": 250,
        "height_zoom": 250
    }
},
{
    "pk": 10,
    "model": "map.zoomlocation",
    "fields": {
        "floor": 1,
        "pos_x": 385,
        "pos_y": 0,
        "width_zoom": 280,
        "height_zoom": 250
    }
},
{
    "pk": 11,
    "model": "map.zoomlocation",
    "fields": {
        "floor": 1,
        "pos_x": 525,
        "pos_y": 50,
        "width_zoom": 300,
        "height_zoom": 300
    }
},
{
    "pk": 12,
    "model": "map.zoomlocation",
    "fields": {
        "floor": 1,
        "pos_x": 0,
        "pos_y": 260,
        "width_zoom": 300,
        "height_zoom": 130
    }
},
{
    "pk": 13,
    "model": "map.zoomlocation",
    "fields": {
        "floor": 1,
        "pos_x": 390,
        "pos_y": 270,
        "width_zoom": 350,
        "height_zoom": 150
    }
},
{
    "pk": 14,
    "model": "map.zoomlocation",
    "fields": {
        "floor": 1,
        "pos_x": 210,
        "pos_y": 310,
        "width_zoom": 350,
        "height_zoom": 100
    }
},
{
    "pk": 15,
    "model": "map.zoomlocation",
    "fields": {
        "floor": 3,
        "pos_x": 0,
        "pos_y": 85,
        "width_zoom": 400,
        "height_zoom": 150
    }
},
{
    "pk": 16,
    "model": "map.zoomlocation",
    "fields": {
        "floor": 3,
        "pos_x": 0,
        "pos_y": 220,
        "width_zoom": 450,
        "height_zoom": 200
    }
},
{
    "pk": 17,
    "model": "map.zoomlocation",
    "fields": {
        "floor": 3,
        "pos_x": 300,
        "pos_y": 85,
        "width_zoom": 410,
        "height_zoom": 150
    }
},
{
    "pk": 18,
    "model": "map.zoomlocation",
    "fields": {
        "floor": 3,
        "pos_x": 500,
        "pos_y": 0,
        "width_zoom": 320,
        "height_zoom": 260
    }
},
{
    "pk": 19,
    "model": "map.zoomlocation",
    "fields": {
        "floor": 3,
        "pos_x": 230,
        "pos_y": 230,
        "width_zoom": 270,
        "height_zoom": 200
    }
},
{
    "pk": 20,
    "model": "map.zoomlocation",
    "fields": {
        "floor": 3,
        "pos_x": 380,
        "pos_y": 230,
        "width_zoom": 270,
        "height_zoom": 200
    }
},
{
    "pk": 21,
    "model": "map.zoomlocation",
    "fields": {
        "floor": 5,
        "pos_x": 50,
        "pos_y": 0,
        "width_zoom": 400,
        "height_zoom": 150
    }
},
{
    "pk": 22,
    "model": "map.zoomlocation",
    "fields": {
        "floor": 5,
        "pos_x": 280,
        "pos_y": 0,
        "width_zoom": 250,
        "height_zoom": 250
    }
},
{
    "pk": 23,
    "model": "map.zoomlocation",
    "fields": {
        "floor": 5,
        "pos_x": 450,
        "pos_y": 0,
        "width_zoom": 430,
        "height_zoom": 150
    }
},
{
    "pk": 24,
    "model": "map.zoomlocation",
    "fields": {
        "floor": 5,
        "pos_x": 0,
        "pos_y": 200,
        "width_zoom": 480,
        "height_zoom": 250
    }
},
{
    "pk": 25,
    "model": "map.zoomlocation",
    "fields": {
        "floor": 5,
        "pos_x": 250,
        "pos_y": 250,
        "width_zoom": 350,
        "height_zoom": 200
    }
},
{
    "pk": 26,
    "model": "map.zoomlocation",
    "fields": {
        "floor": 5,
        "pos_x": 450,
        "pos_y": 100,
        "width_zoom": 430,
        "height_zoom": 270
    }
},
{
    "pk": 27,
    "model": "map.zoomlocation",
    "fields": {
        "floor": 6,
        "pos_x": 0,
        "pos_y": 0,
        "width_zoom": 500,
        "height_zoom": 250
    }
},
{
    "pk": 28,
    "model": "map.zoomlocation",
    "fields": {
        "floor": 6,
        "pos_x": 0,
        "pos_y": 200,
        "width_zoom": 500,
        "height_zoom": 200
    }
},
{
    "pk": 29,
    "model": "map.zoomlocation",
    "fields": {
        "floor": 6,
        "pos_x": 450,
        "pos_y": 0,
        "width_zoom": 400,
        "height_zoom": 230
    }
},
{
    "pk": 30,
    "model": "map.zoomlocation",
    "fields": {
        "floor": 6,
        "pos_x": 450,
        "pos_y": 180,
        "width_zoom": 450,
        "height_zoom": 250
    }
}
]
